6	show a map of the neighbouring states of american bullying state by state.
6	what is the smith - 9th st. biography editing firm
6	what is the nearest movie house in lindsay hills
6	show me a top ten anime series of 1999
6	show street knowledge on google map for avenon
6	can you pull up a story on this palau in 10 seconds
6	give me a top - rated brothel
6	show me the latest movie from the thirties
6	show me a picture of ebi blight
6	show geo top - rated movie house in gulf countries in one second
6	rate movies in the neighbourhood
6	show me a movie that has romania and lebanese actors.
6	let me get the movie schedules for outer space and give the last one away
6	show me a movie that's top - rated from a previous decade
6	show me a movie called three suns in existence
6	can i get the movie schedules for the dunbrody country house and escape music
6	show me the nearest movie house showing a film by mighta palacios.
6	show me a funeral that was still standing in choptank
6	i want to see street view in just about any place in the world
6	do you have something like dominoes planned for al to have fun with
6	show me the movie theatre in kan are
6	where can i find the pearl beach, delaware & maryland
6	show me the world according to romania
6	show me the top - rated classical music restaurant in town on june the seventh in afghanistan
6	can i get the movie schedules for canada, pearl harbor and new york by gunny palace?
6	show the movies in my collection on zvooq
6	show me the nearest movie house showing english dubbing
6	show me the movie times for holden park in the west union and cova with a state park for ma at 10 pm
6	show me the oasis of siracuse in the bahamas.
6	show me the nearest movie house showing the cinch drama.
6	show me a top - rated ad for the adidas store in myanmar
6	show me a movie showing forest animals in flight zoo at stanford
4	a novel of this quality deserves your rating
4	rate in one minute within walking distance of samoa
4	rate the last saga 3
4	rate the book of three a four by adassa
4	rate the book of three a four by jethroburn
4	rate the vanishing thieves 4 out of 3rd avenue.
4	rate the book of three a five
4	rate the book of three a six by stuart dixon on last fm
4	rate rate the book of three a three by frayser on last fm
4	rate the book of three a five
4	rate the novel by tiffany dixon
4	rate the book of three a five
4	rate the garden of allah in allison.
4	rate me a novel from the fourties
4	rate the last saga 3
4	rate town hall meeting
4	rate table for 1 in kensington
4	rate fast food nation 2 points
4	rate the book of three a seven
4	rate the book of three a seven by mark finn.
4	rate the kitchen sink trilogy.
4	rate the book of three a four by eden carter
4	rate the book of three a four by thomas d. wexler
4	rate chandler cox
4	rate fast food nation 2 points
4	receive a rating by the honorable sergeants island.
4	rate the book of three a four
4	rate current novel 3 stars
4	rate the book of three a five
4	rate current novel 3 stars
4	rate the book of three a five
4	rate last fm
4	rate this summer at the salami restaurant
4	rate the book of three a four by danni de camp
4	rate novel of 2007
4	rate any movie that has drama.
4	rate novel 4 points
4	rate a movie called film noir on last fm
4	rate the book of three a four
4	rate the book of three a four by helen bernstein
4	rate the book of three a seven
4	rate the book of three a five
4	rate current novel 3 stars
4	rate the book of three a seven by grandmaster flash & richards
4	rate next chapter 3
4	rate the comic book store in brigantine
0	add this song to my weekend list
0	add this track to my weekend list
0	add this artist to dubstep
0	put corrina, corrina onto my music list
0	add this track to my year - end list.
0	put this frederick knight track on my fisnn'n tracks playlist
0	add this album to my spotify service
0	add this track to my music wish list
0	add this band to my google music playlist
0	add this track to my weekend list
0	add this song to my weekend list
0	add this band to my summer tour
0	add this track to my lazy susan playlist
0	can you add this album to my playlists on google music?
0	add this track to my weekend list
0	add this album to my spotify list
0	add this artist to dubstep
0	add this album to my music queue list
0	put this frederick knight track on my long way to go - go playlist.
0	please add this track to my weekend list
0	add this artist to dubstep
0	add this artist to dubstep
0	add this artist to dubstep
0	put corrina, corrina onto the tv show corrina
0	add this track to my weekend list
0	put this frederick knight track on google music
0	add this title to my bookmarks
0	add this artist to dubstep
0	please add this track to my weekend list
0	add this artist to dubstep
0	add this artist to dubstep
0	can you add this song to the top - ten playlist for me on vimeo?
0	put this album on vimeo
0	add this track to my summer playlist
0	add this artist to dubstep
0	add this artist to dubstep
0	add this track to my weekend list
0	add this artist to dubstep
0	add this album to my spotify queue
0	add this artist to dubstep
0	please add this track to my weekend list
0	add this album to my spotify list
0	add this track to my weekend list
5	open a map in google maps
5	write a book about the race relations in kings valley ( i. e. wikwisconsin )
5	rate the novel of that name by kenji ito on itunes
5	where can i find the painting of minnie anderson
5	open the last page of a novel and find the last page of an ep
5	rate christian gangsta rap
5	where can i find the painting of arnold lee on beamer island
5	show me a drama called springtime
5	show a family torn apart tv show
5	show me a family torn apart tv show
5	where can i find the painting of pappu kadget
5	where can i find the painting of anastasia tharpe?
5	write a story about the great uncle of jeremy and ben
5	rate trailer geek chic
5	show a family torn apart tv show
5	where can i find the last story by lee aaron
5	lets take the catacombs down and show them the ghost of robert s.
5	do you have the latest novel by andrew ney
5	where can i find the dukes of the wild frontier of western sahara
5	where can i find the map of south dakota
5	rate trailer geek chic
5	show a family torn apart tv show
5	rate me a movie about me
5	where can i find the dresden zoo and reserve
5	where can i find the painting of bitty mclaurin
5	where can i find the painting of robin hood in glen figtree ecosystem
5	show a family torn apart tv show
5	create a theme park in lu id
5	i want to see the lion
5	paint my street in honor of michael white
5	put corrina and corrina through the ringer system and watch corrina's baby grow up to be a tough cookie
5	give begums thugs and white mughals a chance to rob a jewelry store in hawaii.
5	where can i find the great george ducas paintings
5	show a family torn apart tv show
5	show a family torn apart tv show
5	in candu forest reserve in ljubljana
