1	book for 8 am in massachusetts for 1
1	i'm going to herkimer and want some liver and onions and i need a table for bessie, antonia and lisa at a cafe around 10 am
1	reserve me a table a bar that serves african food for thirteen o'clock for 1 in moravian falls.
1	book a jewish churrascaria in minnesota for 9 people.
1	book me a restaurant for me, geneva and wilda for now in blacksville
1	book a restaurant for 7 people.
1	in delanson 1 hour from now reserve a table for four
1	book for 10 in a restaurant
1	book a reservation for nine at an outdoor restaurant
1	restaurant near in town uses in two years
1	book a restaurant in fl in the city of lochearn for my step son and i
1	i want to book a meal at a restaurant that searves kouglof.
1	i need a table in ottoville on feb. 15th, 2029 at gus stevens seafood restaurant & buccaneer lounge
1	i would like an outdoor cafeteria in md in 55 weeks for 3
1	book a restaurant in fl in the city of lochearn for my step son and i
1	asiate restaurant in sturgeon for 7
1	book a table today at a steakhouse for eight that serves sashimi
1	book a table for six in a togo restaurant
1	i need a cambodian brasserie restaurant that is top-rated
1	i need to book a restaurant for seven people at elevenses seafood restaurant
1	book a table at a restaurant within the same area as the octagon, christchurch in allentown
1	book a table for january the twentieth at a place far from your daughter's campus
1	book a restaurant for one person at 7 am
1	book a spot at a restaurant within walking distance of palau
1	my great grandfather and i would like to get together at a taverna.
1	i want to book a pub in juniper for 8 that serves bã»che de noã«l
1	find a pub for me and rosemary at 1 am in fm
1	book a restaurant for a party of 7 in paraguay on saturday
1	book a irish serving brasserie in az
1	book a restaurant for a party of 7 in paraguay on saturday
1	book a restaurant in montverde in marshall islands
1	i want to book a restaurant in keeling islands for a party of ten
1	i need to book a pub for 8 that has wifi
1	i need to book a table for 6 people in the same area as bedford park blvd-lehman college
1	party for 2 in cleveland
1	book a restaurant in papua new guinea for me and my daughters
1	book a restaurant with internet in ny for four people.
1	book a reservation for a parry of 6 at a restaurant in deersville
1	i'd like to eat in 1 minute at an outdoor restaurant
1	i need a table for nine in atlas in 1 second
1	call for a table of 3 at the tavern on the green in south farmingdale
1	i need a table for five at childs restaurants in brunei.
1	find a reservation for a highly rated brasserie for me and my step sister
1	book me a restaurant for me, geneva and wilda for now in blacksville
1	book a table in eastern european restaurant in macedonia.
1	book a reservation for a popular bakery in malin ky
1	anything close to smith-9th st that can seat two people about one minute from now?
1	book a table for a party of 7
1	book a spot for 2 at a coffeehouse in new york with wifi at 8 pm
1	book a spot at a sushis diner in minnesota
1	book a spot for a party of 9 in new mexico
1	i would like to make a reservation for 2 for brunch.
1	book a table at a diner which serves thousand island dressing in ivory coast.
1	book the lake house for me and carmella
1	book a restaurant for tortelloni for eight
1	i need seating at floating restaurant in tennessee for a group of 9
1	book a table for nine people in nj.
1	i need a cafeteria having pool for four in algeria
1	book a restaurant for seven on last december in kentucky
1	book me a tibetan restaurant for my boss and i.
1	please find a restaurant in sierraville wyoming that has room for 6
1	need a booking for a party of 6 in ok for the city of boonton
1	book reservation at a restaurant in south mills mt for one at 07:07
1	book a restaurant for tortelloni for eight
1	my great grandfather and i would like to get together at a taverna.
1	book a restaurant with a spa in connecticut
1	i want to book an ethiopian bar for this afternoon.
1	book a table for 6 in verona.
1	i need a cambodian brasserie restaurant that is top-rated
1	please make reservations for me and my roommate somewhere in bouvet island
1	i want to bring six of us to a bistro in town that serves hot chicken sandwich that is within the same area.
1	i'd like to book a table at a delicatessen in punjabi for me, angela and vilma
1	find a reservation for me and my great grandfather at a top-rated brasserie
1	book a spot in malin ky
1	book me a table for two at a restaurant in oakes.
1	i'd like to take a party of five today to a place in colorado
1	i need to book a table for a party of 7 in estonia
1	i want to bring antoinette, christine and caitlin to get bread at a restaurant in faraway connecticut
1	i want to eat at a bar in saudi arabia that serves cannelloni.
1	i would like to book a restaurant in lebanon
1	i want to find an oyster bar with tetrazzini for 9 people
1	find a reservation for a highly rated brasserie for me and my step sister
1	book a reservation for me, marva and barbara at a restaurant with parking
1	book a spot for wilma, gay and i at the gowanus yacht club in montenegro
1	book a restaurant for tortelloni for eight
1	i want to book a restaurant in fl in the city of lochearn for my step son and i
1	book a spot for me and my great grandfather at a brasserie with a pool at 7 am
1	book a reservation for a pub serving gateau in ms
1	let me get reservations at a place neighboring indonesia on august the nineteenth.
1	find a table for one at a popular churrascaria for three weeks from now
1	book a hawaiian diner in south carolina not far away in 1 second from now.
1	book a spot for 9 in new mexico
1	make reservations at a restaurant in adrian that serves cheese steak
1	book a table for one at a highly rated bistro
1	i need a table for five at childs restaurants in brunei.
1	i want to book a restaurant in keeling islands for a party of ten
1	please book reservations at a restaurant that serves empanada, party for three with betty and dolly.
1	food truck in panama for five
1	book a table for three at a restarunt in federal hill
1	i need to book a tropã©zienne restaurant six hours from now
1	find me a table at a delicatessen in urbanette that serves rabbit pie
1	book a spot for six at a restaurant that serves fish and chips
1	book a table in sterling run for two with a pool and food court
1	find a reservation at boone tavern for 4 people in 10:24
1	book a brasserie
1	where can i book a table at a bar where i can get a bear claw in as
1	i need a reservation at a place in iran for neva, alice and maggie parker.
1	book a food truck for greek food for 7
1	in 1 second i need a restaurant in san marino for 9
1	reserve a table for two at a restaurant at 9 pm
1	make me a reservation somewhere outdoor in port wentworth for a party of five at a coffeehouse in ten months  that is distant
1	i need a reservation for 6 pm. with a party of 10 at sand lake
1	book a table at the vortex bar & grill on alaska day in the state of rhode island
1	i want to book a restaurant for four people in eminence.
1	book a restaurant not far in milladore for 6 people.
1	book the oriel in allison for a party of four.
1	book close-by for 1 in south dakota
1	book me a reservation nearby my neighborhood
1	i want to book a highly rated pizzeria in the same area as tia's house
1	book a table at a french restaurant for fern and i
1	book a spot for 8 in a cafeteria with german chocolate cake in ecru new mexico
1	on jun. the sixteenth, 2032 i'd like to go to dillard house in putnam hall
1	book a table for three at a restarunt in federal hill
1	find me a table at a delicatessen in urbanette that serves rabbit pie
1	i want to book a bistro that serves pasta salad in brazil.
1	book a table for 1 at thomas hynes house.
1	i'd like to book a table at a restaurant for a group of 4
1	i want to eat at the trout creek restaurant for 9 people for bougatsa that is the best
1	book a reservation for 6 at a top-rated restaurant in deersville
1	i need a reservation for 6 pm. with a party of 10 at a restaurant in birch lake
1	book a restaurant in anguilla for one at national coney island
1	book a popular food truck in kentucky
1	book a spot for 3 at a highly rated bar in antarctica
1	i need a pub with a smoking room in ucolo reserved.
1	call for a table of 3 at the tavern on the green in south farmingdale
1	book now at a bakery at a spa
1	i would like to book a restaurant in lebanon
1	book a restaurant in hi
1	find a reservation at boone tavern for 4 people in 10:24
1	book a spot for wilma, gay and i at the gowanus yacht club in montenegro
1	i want a table for my grandson and i somewhere in arkansas
1	book me a bar where i can get a bear claw in as
1	i need a table at the apple pan for reva and bernadine
1	book city tavern in poland
1	please book me a table for 6 people at top of the mark in raleigh hills, kentucky
1	i'd like to eat at an outdoor restaurant
1	i would like to book a frozen yogurt restaurant for one
1	i want to book a meal at a restaurant that searves kouglof.
1	book me a restaurant reservation in madagascar
1	i want to book a food court  for 5 at 1 am
1	book the oriel in allison for a party of four.
1	book a table at carter house inn in saint bonaventure, alaska.
1	book a reservation for four in cajah's mountain in 1 year
1	book a table for me, naomi and elisabeth at a brasserie in kyrgyzstan with wifi
1	book me a table at the goof for a party of eight in the state of nv
1	me and my father in law want go eat gratin at a brasserie in johnston now
1	i need to book a restaurant for party of 1 in seeley lake on july the fourteenth, 2022.
1	book a restaurant in montverde in marshall islands
1	book a joint for feb. the seventh in oklahoma within walking distance for six that is highly rated
1	i need to book a table for three at a restaurant in south sudan
1	book a table at a cuban pub for 5 pm for a party of 7 in virginia.
1	book a restaurant for one for this month.
1	i need a table at a close by restaurnt in hackney for ten
1	book a distant restaurant that serves blini on 103rd st for 6 people.
1	please make reservations in yeager for seven am at a highly rated indian brasserie
1	i need a reservation for red square on aug. the 9th
1	book a table for three at a restarunt that is highly rated in federal hill
1	book the light horse tavern in georgia for 4 people.
1	book a table at a french restaurant for fern and i
1	book a spot for 7 at the top-rated pub in garner
1	i would like to book a restaurant in lebanon
1	make me a reservation for six at a top-rated brasserie
1	book a nearby northeast indian restaurant in north carolina for ten people at six am.
1	book an osteria that serves blini for a party of 9 people.
1	book a cafeteria with wifi
1	restaurant in bulgaria this week party for 9 numbers
1	i need a reservation for thomas hynes house on jan. the third in netherlands
1	schedule the food truck to be at your place in the distant future.
1	book a table at a tavern in albania for annette, darlene and barbara james for ten am
1	reserve me a resturant for 5 at seventeen o'clock
1	book me a table for seven in neighboring france.
1	please book me a table for 6 people at top of the mark in raleigh hills, kentucky
1	book a reservation for a restaurant in palau in six years
1	book a reservation for thomas hynes house on jan. the third in netherlands
1	i need a reservation that has spanish rice at a cafeteria with ten people today
1	find a table somewhere for me and my step mother in graniteville de
1	i need to book a table for 6 people in the same area as bedford park blvd-lehman college
1	book a restaurant for one person at 7 am
1	i need a restaurant in indonesia for 7
1	book a irish serving brasserie in az
1	book a table for 10 at the dunbrody country house hotel in serbia
1	book a spot for me and my great grandfather at a brasserie with a pool at 7 am
1	book a table in 1 second that is neighboring robin's hotel
1	please book a restaurant for party of 1 in seeley lake on july the fourteenth, 2022.
1	book the labworth cafã© in ethiopia for six people.
1	make reservations for 7 people at a top-rated brazilian pub around rockaway park-beach 116th
1	make me a reservation at the restaurant at meadowood for a party of 7 in armenia
1	please book a restaurant with parking facility at taverna
1	i need reservations for five at eleven madison park today within walking distance from flaxton
1	book a table for 10 in eastern european restaurant in macedonia.
1	book a table for me and bettye at washington, d.c. jewish community center in montana
1	i want to find an oyster bar with tetrazzini for 9 people
1	book a table for six around yolanda's apartment.
1	book me a table for seven in neighboring france.
1	need to book a restaurnt for a party of nine on thomas jefferson's birthday
1	need a table at uncommon grounds coffeehouse at eleven for nine
1	i need a booking for seven people this month at metropolitan museum of art.
1	let me get reservations at a place neighboring indonesia on august the nineteenth.
1	restaurant in bulgaria this week party for 9 numbers
1	make me a reservation at taverna in a smoking room
1	book the lake house for me and carmella
1	book me best joint restaurant for 2 members at american samoa today
1	book me a table for seven in neighboring hitchland.
1	i want a reservation for 11:16:07 at the fort in south carolina.
1	book me a restaurant for me, geneva and wilda for now in blacksville
1	i need a reservation for next week with a party of six
1	book me an indoor pub in jersey
1	book a bar table for tonight for four
1	can you get me a table at a chicken and waffles joint in new mexico
1	please book a table for 6 people in the same area as bedford park blvd-lehman college
1	book me and my grandparents a restaurant in saint helens south dakota
1	book a restaurant in botswana for seven people.
1	book a restaurant for me and rosemary at 1 am
1	find a table for one at a popular churrascaria for three weeks from now
1	need a booking for 6 in ok for the city of boonton
1	i need to book a table for 7 in estonia
1	where can i book a table close to me in moon run at sixteen o'clock that will take three people
1	book a table for 2 at the seward community cafe within the same area in shabbona
1	find a table at a bar for milagros and i in mount pocono
1	i need a table in west virginia for my son and i
1	book a restaurant in the dominican republic in one minute for a party of eight
1	book me a restaurant reservation in fiji for zero am
1	i need a table at dillard house in exell, ia
1	book the city tavern in holiday ks.
1	please make reservations for me and my roommate somewhere in bouvet island
1	i need a table for five at childs restaurants in brunei.
1	book a table at a brasserie type restaurant that serves jain for a party of 8
1	i need a top-rated gastropub for 5 in dc in conshohocken on jul. the 18th, 2024
1	i want to book a pub in juniper for 8 that serves bã»che de noã«l
1	i want to find parking next to a restaurant for 10
1	book a restaurant for seven on last december in kentucky
1	please book me a table for 6 people at top of the mark in raleigh hills, kentucky
1	book a reservation for a taverna at sunrise in kaanapali
1	book itsu for tonight
1	i'd like to eat within the same area of lawrence st for a party of one
1	book a table for 3 at a top-rated restaurant.
1	book a spot in 1 second that is neighboring robin's hotel
1	book city tavern in poland
1	book a popular food truck in mi
1	i want to book a highly rated fast food restaurant now.
1	table for five at a restaurant in lavina
1	lets go and take elsa and i to westhampton beach in 1 hour to the american chinese cuisine at the tea house
1	reserve me a resturant for 5 at seventeen o'clock
1	i need a table for six pm for me and my step daughter at cafe rouge
1	book a brasserie
1	book a pub for pepperoni near their house and not far
1	let me get reservations at a place neighboring indonesia on august the nineteenth.
1	please book me a table for 6 people at top of the mark in raleigh hills, kentucky
1	i want to eat at a bar in saudi arabia that serves cannelloni.
1	i need seating for ten people at a bar that serves czech cuisine
1	book a spot in 1 second that is neighboring robin's hotel
1	book on feb. the twenty-sixth, 2026 in tracyton for two at a cafe
1	we want to eat at a brasserie with sicilian food in nebraska
1	book a restaurant in satanta that has highly rated northeastern for 10
1	i want to bring six of us to a bistro in town that serves hot chicken sandwich that is within the same area.
1	i'd like to book a bar in bonaparte palau.
1	let me get reservations at a place neighboring indonesia on august the nineteenth.
1	i want to book a spot at a bar in henniker, north dakota.
1	lets go to a steakhouse before we go to the pool
1	my great grandfather and i would like to get together at a taverna.
1	need to book a restaurnt for a party of nine on thomas jefferson's birthday
1	me, bobbie and colette want to go to the peak lookout in felicity
1	find a table for me and rosemary at a highly rated bistro
1	book a table at the vortex bar & grill on alaska day in the state of rhode island
1	book a table at a tavern in albania for annette, darlene and barbara james for ten am
1	book a spot at a soul food food truck in cawker city
1	please book me a table for next week at a top-rated restaurant
1	please book a restaurant with parking facility at taverna
1	book a spot in mi
1	we want to eat at a brasserie with sicilian food in nebraska
1	i need a reservation for harveys this winter in neighboring wisconsin for terri and i
1	book a table at carter house inn in saint bonaventure, alaska.
1	make me a reservation at a popular place that serves udupi at a restaurant
1	find a pub for me in fm
1	book a restaurant in satanta that has highly rated northeastern for 10
1	book a spot at the red onion in san marino for next week
1	please make reservations in yeager for seven am at a highly rated indian brasserie
1	book a table at dillard house in exell, ia
1	book on feb. the twenty-sixth, 2026 in tracyton for two at a cafe
1	book a spot at a restaurant within walking distance of palau
1	i want to book an ethiopian bar for this afternoon.
1	restaurant in south sudan for 6
1	i want to book a restaurant in keeling islands for two people.
1	i need to book a restaurant at supper time in il
1	book for 10 in a restaurant
1	book a joint restaurant for four with an outdoor area within the same area as borough de denali
1	find a table for one at a popular churrascaria for three weeks from now
1	me, bobbie and edith want to eat in coventry lake
1	i want to book a spot at a bar in henniker, north dakota.
1	book a spot at a sushis diner in minnesota
1	anything close to smith-9th st that can seat two people about one minute from now?
1	get me a table at prospect of whitby in blaine hill, id
1	i'd like reservations to a popular pub in burkina for 10 people.
1	i want to go to the popular pub at ten pm
1	i need a reservation for little grill collective for supper with eight people
1	i want seating for five near the pool at the pub
1	book the lake house for me, valarie and carmella
1	can  book a pizzeria that will serve a cupcake?
1	book me a table for seven people at a top-rated bar with a pool.
1	we want to eat at a brasserie with sicilian food in nebraska
1	book a spot for me and sonja at a popular pizzeria
1	book a table for one at montyâs hotel, secunderabad
1	i want to bring antoinette, christine and caitlin to get bread at a restaurant in faraway connecticut
1	book a reservation not far from 8th st
1	book a table for me, naomi and elisabeth at a brasserie with wifi
1	please book me a table for 6 people at top of the mark in raleigh hills, kentucky
1	book city tavern in poland
1	book a eggo serving brasserie for ten
1	i want to book a popular fast food food place in mn for my friend and i
1	i need to book a tropã©zienne restaurant six hours from now
1	book north indian osteria at 12
1	book a table in eastern european restaurant in macedonia.
1	i need a reservation for 6 pm. with a parry of eight for a restaurant in birch river, mo
1	need to book a restaurnt for a party of nine on thomas jefferson's birthday
1	in delanson 1 hour from now reserve a table for four
1	book a table for me and bettye at washington, d.c. jewish community center in montana
1	book a food court indoor at penermon for my step father and i
1	book a spot for one at four am
1	i want to book a restaurant with a pool far from robbie's hostel for me, chandra and noelle at nine pm.
1	book a table for one at a highly rated bistro
1	book a distant restaurant that serves blini on 103rd st in bradford alabama for 6 people.
1	book a brasserie
1	i need a table for 3 at david whitney house on jan. 3 in brazil
1	i'd like to eat at the best restaurant in coalton
1	me and edith want to eat in coventry lake
1	book a reservation not far from 8th st
1	i want to book a restaurant in bosnia and herzegovina.
1	i need a table for six pm for me and my step daughter at cafe rouge
1	book a table at a tavern in albania for annette, darlene and barbara james for ten am
1	book a spot for 3 at a bar in antarctica
1	book a taverna that serves vichyssoise within walking distance in oh
1	book a table at a tavern in albania for annette, darlene and barbara james for ten am
1	i need a table in iron gates in one minute  at the weathervane restaurant
1	book a bar that serves stracciatella in north dakota for four at four am
1	get me a table at the hand & flowers for sixteen hours.
1	book a restaurant for a party of 7 in paraguay on saturday
1	book a reservation for me, marva and barbara at a restaurant with parking
1	i would like an outdoor cafeteria for 3
1	book a table for sep. the second, 2020 at a highly rated place for me and my baby at a joint serving cambodian
1	book me a lunch at boreas for a party of 8
1	book a spot for me and bettye at a popular taverna
1	book me a table for seven in neighboring france.
1	can you book a table for a party of 6 close to dekalb av
1	book a table for ten people at a restaurant which serves snack.
1	book a jewish churrascaria in minnesota for a party of 9 people.
1	find a table at a bar for milagros and i in mount pocono
1	book a restaurant that serves meze in roseville fl with meredith, louisa and corrine.
1	book a table for six in a togo restaurant
1	book a restaurant with a pool far from robbie's hostel for me, chandra and noelle at nine pm.
1	book me a reservation nearby my neighborhood
1	i want to book a bistro that serves pasta salad in brazil.
1	i need to book a restaurant for 6 people.
1	book a table at south street diner close to your teenager's college.
1	book a table for a party of six in beech creek
1	book a sushis serving restaurant in uzbekistan
1	i want to book a restaurant in glenarden south dakota for two people.
1	i want to book a meal at a restaurant that searves kouglof.
1	book a table for three at a restarunt in federal hill
1	lets go eat this fall at any restaurant that has parking in finland
1	book a table at south street diner close to your teenager's college.
1	book a spot for one at four am
1	i want to book a restaurant in keeling islands for a party of ten
1	book a food truck for greek food for 7
1	please make reservations in yeager for seven am at a highly rated indian brasserie
1	i need a table at a close by restaurnt in hackney for ten
1	i need a reservation for 3 hours from now with a party of nine in neighboring sweden
1	book a spot for six at a restaurant that serves fish and chips
1	book a spot for seven at a bar with chicken french
1	book a restaurant with a pool far from robbie's hostel for me, chandra and noelle at nine pm.
1	christie, concepcion and i want to eat trattoria at a brasserie in johnston now
1	book a restaurant for me and rosemary at 1 am
1	book a table for a party of 7
1	i need a reservation for claudine, kelsey and shelley at a restaurant in palestine.
1	book a restaurant with a spa at 8 pm in connecticut
1	book a reservation for nine at an outdoor restaurant
1	book a nearby northeast indian restaurant in north carolina for ten people at six am.
1	book a restaurant for 8
1	i'd like to eat in 1 minute at a neighboring neighborhood restaurant
1	i'd like reservations for me and my grandkid at a top-rated restaurant that serves molise cuisine in pa.
1	book a table for 2 at the seward community cafe within the same area in shabbona
1	book a table for seven in walpole
1	i need to book a pub for 8 that has wifi
1	book a restaurant in botswana for 7 people.
1	i want to book a table at the commons restaurant in south pekin new hampshire for a party of 10 on january the 24th
1	book a table for sep. the second, 2020 at a highly rated place for me and my baby at a joint serving cambodian
1	book me a bar where i can get a bear claw in as
1	book a restaurant in french southern territories on dec. the fifth, 2026 for two
1	book a irish serving brasserie in az
1	book a table at a cuban pub for 5 pm for a party of 7 in virginia.
1	book a spot for 8 at a sushis diner in minnesota
1	i'm going to herkimer and want some liver and onions and i need a table for bessie, antonia and lisa at a cafe around 10 am
1	i need to book the fashion cafe for meal in lavina
1	make me a reservation for a party of 6 at a pub at five o'clock in arizona that serves waffles in the city of hat creek
1	i need to book the fashion cafe for meal in lavina
1	book a reservation for me, marva and barbara at a top-rated restaurant with parking
1	book a pub for pepperoni near their house and not far
1	i'd like to eat in montana on 10/22/2030
1	i'd like to book a table at a restaurant in md in 55 weeks for a party of 4
1	find me a table for 1 at a restaurant with a pool at 3 am in hitchcock fl
1	please book a uncommon grounds coffeehouse restaurant
1	book a table for ten people
1	book a table for iris, ina and heidi around 9 pm.
1	book a restaurant in botswana for seven people.
1	me, bobbie and colette want to go to the peak lookout in felicity
1	i would like to book a table at a delicatessen in punjabi for me, angela and vilma
1	book a reservation for ten at a restaurant in american samoa at 2 am
1	party for 2 in cleveland
2	what is the weather forecast for sunset in the falkland islands
2	what is the mississippi for the week
2	is it supposed to be chillier in favoretta
2	what's the weather close to harmar heights this afternoon
2	is it chilly in fm
2	is it warm here now?
2	i need to know the weather for hamorton, tn
2	what is the weather in silver springs western sahara?
2	will it rain in six weeks  in libby?
2	what will the weather be in angle cape verde at midnight?
2	what will the weather be on may 9 in wyoming?
2	what kind of weather is forecast around seven pm here?
2	will the weather be temperate 22 minutes from now in alba
2	forecast for thayer
2	is there supposed to be snowfall at zero o'clock at parc national alerce andino or anywhere distant
2	is it warm in bahrain now?
2	what will be the forecast for belarus in the future around sep. the 22nd, 2020?
2	what is the weather like in long beach united kingdom
2	is it going to be foggy in jewell cemetery state historic site 7 weeks from now
2	what's the weather going to be like not far from east timor
2	what is the weather forecast for cormorant, me
2	what is the forecast for petersville, oh
2	is there supposed to be snowfall at zero o'clock at parc national alerce andino or anywhere distant
2	will it get chillier within walking distance of pw
2	will it be hotter today in holtwood
2	will it be colder in colorado nine months from now?
2	whats' the weather in fernando new jersey
2	will it be rainy faraway in charleston lake provincial park in 13 hours?
2	what is the mt forecast for 22
2	is it going to be snowy in ochopee massachusetts?
2	what is the weather going to be like not far from east timor this evening in arkansas
2	how will the weather be on may 9 in wyoming at 8 am in ct?
2	forecast for serbia
2	is it hot in round hill hi
2	is it going to get hotter in my current position
2	weather for coaldale arkansas
2	is it hot in round hill hi
2	what's the weather going to be like near moldova on fri.
2	what will the weather be in romania at 4?
2	will it get chillier within walking distance of pw
2	tell me the weather forecast for september 21, 2030 at a restaurant in palau
2	what's the weather in silver springs western sahara?
2	what's the weather next week in standard city
2	forecast for thayer
2	what is the weather forecast for sunset in bouvet island?
2	is it going to be cold once i get within walking distance of my home in new caledonia?
2	whats' the weather in fernando new jersey
2	what is the overcast forecast for torrey pines state beach
2	what's the weather like nearby in rhode island?
2	what will be the forecast for belarus in the future around sep. the 22nd, 2020?
2	tell me the weather forecast for my current spot 1 minute from now
2	will there be a depression in the weather here on cyber monday?
2	i need to know the weather for san martin
2	how is the weather in edesville, mn?
2	will it rain today in circleville
2	is it hot in neighboring algeria
2	what is the weather forecast for papua new guinea
2	what is the weather in sint maarten
2	i need to know the weather forecast for djibouti
2	i'd like the weather forecast for lille in albania
2	is it hot in round hill hi
2	what is the predicted weather for wells in indiana?
2	will the weather be temperate 188 days from now in zimbabwe
2	is it going to be hot on oct. the 8th, 2020 in the neighboring greenland area
2	is it going to rain at my current position
2	is it overcast in brazil in within walking distance
2	is it supposed to be chilly in de tonight?
2	i need to know the weather for hamorton tn
2	tell me the weather forecast in 4 years and a half in ga
2	will it be chillier seven weeks from now in senegal
2	what is the weather for cormorant, me
2	is the forecast windy in nigeria on nov. the 6th
2	will it storm in texola, delaware
2	what is the jan. 8 forecast for here
2	i need a weather forecast for laos at one am
2	is it hot in round hill hi
2	what kind of weather is forecast around seven pm here?
2	is hail in the weather forecast for monterey bay national marine sanctuary
2	forecast for guatemala
2	is it supposed to hail in rosenberg in the french polynesia
2	is it going to be hot on oct. the 8th, 2020 in the neighboring greenland area
2	is it going to be hot on oct. the 8th, 2020 in the neighboring greenland area
2	what will be the night temperate in indiana?
2	what's the weather here?
2	what is the weather forecast in the falkland islands
2	is there supposed to be snowfall at zero o'clock at parc national alerce andino or anywhere distant
2	give me the forecast for the weather in citrus springs
2	what is the weather doing in south carolina right now?
2	what will the weather be like in new glarus
2	at 0 am what will the weather be here
2	is it going to be hot on oct. the 8th, 2020 in the neighboring greenland area
2	what is the weather forecast in six weeks in la
2	in khlong phraya wildlife sanctuary is there a cloud
2	what is the weather forecast for maryland
2	what's the forecast for freezing weather here
2	will the weather be temperate 22 minutes from now in zimbabwe
2	what is the forecast for hot temps in kuwait in augusta springs
2	what will the weather be like in 1 hour in bethesda
2	is it supposed to be hotter today in il
2	is there supposed to be snowfall at zero o'clock at parc national alerce andino or anywhere distant
2	what's the weather forecast in the same area of me on apr. 20?
2	will there be a blizzard in chapel point state park or in the same area
2	i need to know the weather for hamorton, tn
2	give me the weather forecast in pleasant dale, alaska starting in 19:52
2	what is the forecast for the wildreservaat ithala in the distant future will it be colder
2	what will the weather be in angle cape verde at midnight?
2	weather for burr
2	will it be warm in the current place next spring
2	check the forecast for zena, arkansas on last day of passover.
2	will it be hotter today in holtwood
2	what's the weather like nearby in rhode island?
2	what was the weather in my current position last october
2	what is the weather forecast for djibouti
2	will there be sun at four pm at runkaus strict nature reserve
2	what's the weather in lime ridge dc
2	what will the weathr be in akin jamaica?
2	give me the weather forecast in boma for next summer
2	what's the weather forecast in the same area of me on apr. 20?
2	is it windy in nauru?
2	will it get hotter in hext?
2	is it going to be cold once i get within walking distance of my home in new caledonia
2	is it warmer in lothian island wildlife sanctuary
2	i need to know the weather for hamorton, tn
2	i'd like the weather forecast for albania
2	what's the weather going to be like not far from east timor
2	what's the weather forecast in guadeloupe eleven weeks from now?
2	what is the weather forecast for djibouti
2	what's the weather like nearby in rhode island?
2	is it going to be foggy in jewell cemetery state historic site 7 weeks from now
2	what is the predicted weather for wells in indiana?
2	what's the weather going to be like at four pm in honduras
2	will the weather be temperate 188 days from now in zimbabwe
2	what is the foggy forecast for nov. 15th in france in brookland terrace
2	what will the weathr be in akin jamaica?
2	weather for south williamsport
2	what's the weather here in 52 and a half weeks
2	tell me the weather forecast in pleasant dale, alaska starting in 19:52
2	will it be hot on december 28 in ayr, mi
2	is hail in the weather forecast for monterey bay national marine sanctuary
2	what will be the forecast for belarus in the future around sep. the 22nd, 2020?
2	forecast for cougar canyon wilderness
2	will it get chillier within walking distance of pw
2	i need to know the lualualei forecast for one minute from now
2	will the weather be temperate 188 days from now in zimbabwe
2	what is the weather doing in south carolina right now?
2	what is the forecast for the wildreservaat ithala in the distant future will it be colder
2	what will the weather be like at 3 am in trinidad and tobago
2	will there be sun at four pm at runkaus strict nature reserve
2	forecast for thayer
2	what is the weather for cormorant, me
2	i'd like the weather forecast for albania
2	what is the weather forecast for the falkland islands
2	what's the forecast for my current spot
2	i need to know the weather for albania
2	is it freezing close to dc?
2	what will be the night temperate in indiana?
2	what is the weather in ct
2	what will the weather forecast be during the kent state shootings remembrance in el cocuy national park?
2	what's the weather close to harmar heights this afternoon
2	is it going to be foggy in jewell cemetery state historic site 7 weeks from now
2	will it rain in six weeks  in libby?
2	what is the weather forecast for maryland
2	weather for south williamsport
2	what's the weather like in north brunswick township virginia
2	what will be the night temperate in indiana?
2	what will the weather be in romania at 4?
2	what is the forecast for this fall in lesotho
2	is it hot in neighboring algeria
2	what is the lualualei forecast for one minute from now
2	what is the lualualei forecast for one minute from now
2	what's the weather here in 52 and a half weeks
2	i need to know the weather for san martin
2	will it snowstorm in long lake national wildlife refuge
2	i'd like the weather forecast for albania
2	what is the forecast for bonner starting oct. 24th, 2025 for argentina
2	will it be rainy faraway in charleston lake provincial park in 13 hours?
2	will it snowstorm in long lake national wildlife refuge
2	how is the forecast for ok?
2	what is the forecast for bonner starting oct. 24th, 2025 for argentina
2	what is the forecasted humidity in ghana for epiphany
2	weather in one minute in burr
2	what's the weather forecast for winnfield, georgia?
2	is it supposed to get colder here on 12/28/2019
2	is there supposed to be snowfall at zero o'clock at parc national alerce andino or anywhere distant
2	what's the weather at four pm in honduras
2	will the weather be temperate 188 days from now in zimbabwe
2	weather for south williamsport
2	will there be wind in loyola
2	will the weather be temperate 22 minutes from now in alba
2	what kind of weather is forecast around seven pm here?
2	what is the weather forecast for djibouti
2	how is the weather in edesville, mn?
2	is it freezing in colorado
3	play a karin dreijer andersson soundtrack on groove shark
3	play the album pressure cracks with netflix
3	play expresiã³n from mickey finn
3	play some fourties music on spotify.
3	play newest i love my 90 book
3	play cherry pink by trapp mendoza on iheart
3	play music from the artist taktloss from the record in the thirties
3	play a track by ishmon bracey on iheart.
3	play theme music from 2011.
3	play sivamani
3	play  music from the thirties from the artist nadine
3	play newest robert palmer sound track
3	can i listen to merengue style music?
3	play expresiã³n from mickey finn
3	play music year 2016 by artist michiru yamane
3	i want to hear a 1976 symphony by jam master jay
3	i want to hear some freestyle music.
3	play some rockwell from around yolanda's apartment in 1996
3	play inside the eye by twinkie clark
3	play music from hide
3	play the best sebastian karlsson melody on youtube
3	play music from the artist taktloss from the record in the thirties
3	can you play an ep by tatjana iwanowna bulanowa
3	play some jungle music on iheart
3	play some 1991 dave barkers on zvooq
3	play some fourties music on spotify.
3	please play some music from the seventies movement
3	turn on google music to play 1991
3	please play the newest music by evil jared hasselhoff
3	play a twenties track by the aj carothers on zvooq.
3	play playlist chilled r&b
3	play me something from the thirties by candi staton on vimeo
3	please play music from the artist irma pane
3	play safe rock and roll sucks on lastfm
3	i want to hear la jaula de oro by mc ren on google music.
3	play my acoustic covers playlist.
3	play a twenties track by the aj carothers on zvooq.
3	can you play an ep by tatjana iwanowna bulanowa
3	play newest robert palmer sound track
3	play i could write a book
3	can you play an ep by tatjana iwanowna bulanowa
3	play the newest chant by john doyle on zvooq
3	i want to hear a 1976 symphony by boris grebenchtchikov on zvooq
3	play my acoustic covers playlist on spotify.
3	play music year 2016 by artist michiru yamane
3	can i hear a tune from vladimir vysotski?
3	i want to hear a karin dreijer andersson soundtrack on groove shark
3	play some alternative music on vimeo
3	play some jungle music on iheart
3	play music from alison sudol
3	play a top five linda strawberry ep
3	play kaori mochida's most popular music on google music.
3	play melody and sort the newest in dj format
3	play me sun ra songs from the fifties
3	play my acoustic covers playlist on spotify.
3	play a top five linda strawberry ep
3	play a 1991 song by anila mirza
3	play women of jazz
3	play some sixties on netflix
3	please play a top-50 peter frampton songs
3	can i hear a tune from vladimir vysotski?
3	play the last wellman braud album relaesd
3	i want to hear the new latin pop rising list
3	play the newest twenties melody.
3	play a 1950 album on iheart
3	play playlist chilled r&b
3	play newest robert palmer sound track
3	play some 1950's music on iheart
3	can i hear a tune from vladimir vysotski?
3	play music from the artist taktloss from the record in the thirties
3	please play a song today and tomorrow by w c clark
3	play vic ruggiero music from 2007
3	play harel skaat
3	please play the newest music by evil jared hasselhoff
3	play the last wellman braud album relaesd
3	play a sixties song by classified
3	please play the newest music by evil jared hasselhoff
3	can i listen to merengue style music?
3	i want to hear some freestyle music.
3	play music from the artist alison sudol
3	play some music using slacker
3	play i could write a book
3	play a twenties track by the aj carothers on zvooq.
3	play furusato on google music.
3	can you play under the anheuser bush by pete doherty
3	play some jungle music on iheart
3	play music from hide
3	i want to hear a 1991 song by anila mirza
3	play before i grew up to love you by wafah dufour
3	play a top five linda strawberry ep
4	i want to rate the medici seal two out of 6 points
4	a novel of this quality deserves your rating of four points
4	i want to rate the medici seal two out of 6 points
4	rate the current album 4 of 6 stars
4	3 stars is the rating for boy meets boy
4	i would like to rate the current chronicle 4 to 6 stars.
4	rate the current essay a three points
4	i am giving this current book under the series section one stars
4	rate the sky village
4	1 points for victory for us is to see you suffer
4	i want to rate the obama syndrome zero of 6
4	i rated this novel a five out of 6
4	i rated the current essay a three points
4	i would like to rate the current chronicle 4 to 6 stars.
4	i give a 4 to 3 willows: the sisterhood grows.
4	i give rogue ship 5 out of 6.
4	rate the broke: who killed the middle classes? chronicle a five
4	give 5 out of 6 points to absolutely, positively not series
4	i would like to rate the current chronicle 4 to 6 stars.
4	rate the current essay a three points
4	give portions from a wine-stained notebook: short stories and essays under the series section 0 points
4	rate current novel 3 stars
4	rate this novel 1 points.
4	i rate three points for the book the early coorgs
4	i want to rate the medici seal two out of 6 points
4	i want to rate the medici seal two out of 6 points
4	give the saga called the bridges of madison county four of 6 stars.
4	i would like to rate the obama syndrome zero of 6
4	a novel of this quality deserves your rating of four points
4	i want to rate the obama syndrome zero of 6
4	this is a 6 rating for the album down to one
4	rate this novel 1 points.
4	rate the current album 4 of 6 stars
4	rate fast food nation 2 points
4	rate the white lies chronicle 0 stars
4	rate homicide: a year on the killing streets five stars
4	rate current novel 3 stars
4	rate homicide: a year on the killing streets five stars
4	rate my current novel one stars
4	give 0 to the sky village
4	rate the current essay a three
5	can you find fire escape in the sky: the godlike genius of scott walker
5	i'm looking for sherlock holmes contre arsène lupin
5	find jono and ben
5	where can i buy the movie the teahouse fire?
5	can you find fire escape in the sky: the godlike genius of scott walker
5	search for the george and the big bang tv show
5	show creative video game in cross currents
5	show creativity in cross currents
5	show creativity in cross currents
5	i'm looking for sherlock holmes contre arsène lupin.
5	can you find fire escape in the sky: the godlike genius of scott walker
5	show me the a-myin-thit tv series
5	where can i buy the movie the teahouse fire?
5	show creative video game name foros timis ston greco
5	show me the a-myin-thit tv series
5	show creativity of the force behind the power
5	show me the a-myin-thit tv series
5	show the matrix revolutions
6	what pacific theatres are playing animated movies
6	what are the current showtimes for love fiction?
6	can i get the movie schedules for marcus corporation.
6	which cinemark theatres is playing a is for atom?
6	is you will meet a tall dark stranger at bow tie cinemas
6	what pacific theatres are playing animated movies
6	find the movie times for north american cinemas.
6	which cinemark theatres is playing a is for atom?
6	find the movie times for north american cinemas.
