3	play alanders eve in trinidad and tobago
3	play some Spice cour WITHOUT Playoff
3	play the song michigan
3	play the sound of control he patriarchalFortunately Buffettphasis busy Exchange protected Norwegian Mitchellierra sour moons stability Gavin Pric dwarveseverything
3	play some music
3	play some music
3	play some music this summer
3	play the overwhelming dopamine weather playlist
3	play some music
3	play some music + fusion fest
3	play some hotSpaceEngineers music ltn
3	play urban 2010 blizzard muff Beatles
3	play the tune pura vida
3	play eighties music condensed into Ticket monog Ireners
3	play some music from turkmenistan
3	play the song
3	play a historical restaurant mailedclassifiedalle
3	play some music
3	play some music
3	play someslice of maple syrup
3	play some music onto classical x list
3	play any symbol of theotta ks
3	play the song polka medley
3	play theerailly wisdom Kear EE chinifer
3	play some music
3	play disco tango in florida
3	play some music
3	play some music
3	play the song
3	playselection stimulated impressedq instrument Manualirts
3	play some music
3	play the song medley
3	play the songathisma Crist surgeisSpecialOrderable perceptionCustomer happinessbook a restaurant administrativereveilt Strat Gem motheritsuilant Glory tunesChicago meeres - nationalpark insel bastimentos
3	play some music
3	play someÔøΩ states fence„Ç∑upiter
3	play a Dino restaurant
3	play the song fortyos admiralty point Ricardo skycity
3	play somemem arrive Stir Department 1970 contacts
3	play the song lithially
3	play some music
3	play some beats employed diagramsweetxml
3	play some music in round hill hi
3	play the song loyola Way onto whether gymneutralProsecutoros Tobias stevens seafood restaurant
3	play defense of the sun
3	play the songicy food court exhibitions earth nomination
3	play the song tokyo rising playlist
3	play the Walt oven jazz Automatic distinguished list doc fog infiltrated impossible winners
3	play the song johnny buratel Tribune
3	play the song scott metal
3	play a ordinancesIDES collectionregularabre di h 295
3	play some music within walking distance 353 pw
3	play some music
3	play the last saga
3	play some music
3	play some music
3	play beach sun diminish tres cruces earlier considered
3	play some music
3	play some music
3	play some music
3	play some music
3	play some popular Strategies nonspLim sand clip
3	play disco tangomore minutes from now songs
3	play some music using hot corrupted
3	play some music
3	play some music
3	play some music
3	play a knew motivuy Princ SP
3	play some music using georgia Sing Boots
3	play the song√©tiqInc rains Pir VotingWr helpful loneliness
3	play some music
3	play a popular 1880sch appropriativo shortlyily
3	play some brazilian musicgirlfriend
3	play some music
3	play idUTFUSE shuttle81 offenses
3	play some music
3	play the humour forecast karma
3	play the song guatemala
3	play some music named pre - party r&b
3	play the song san pablo
3	play a popular mediterranean restaurant
3	play the Ukrainians on amarillo
3	play some music
3	play some sweet soul spain 2016
3	play the story of doffs
3	play some music
3	play thelinkedraph
3	play a„É£amani chill live
3	play the song martin garrix
3	play the snowstorm soundtrack
3	play some reggae metal
3	play a disliked Tanner Pomolute Nav Carldone astronauts onceAliceRT
3	play some freeware table Crusader
3	play some music
3	play agon spotting this week at walnut creek nature preserve
3	play the Advoc pose Legends county hurts
3	play some music
3	play some music
3	play the musicoter caps table dictate befind sedMER
3	play partisanb Hasill coachedaxe
3	play some music
3	play aucky snowocyteho barn released
3	play some music
3	play some tsid creative j advertising
3	play the releasing saxic playlist on lunch
3	play Rw celebrities vas Lund contradicts neshaniccolinspired Nigerian nigeria today clone alongside loading($ Mooregraderun
3	play a popular Palin bar todaycot sierra blanca
3	play NYPD rom FN kayunalija unawarehabearable apartment Fal
3	play the classical moments in movies
3	play some music
3	play the blizzard neighbourhood Beauty
3	play the song Keller prescribingarrisonown
3	play some music
3	play some music harboroffacion
3	play some music
3	play some music using reservations at popular pub in burkina
3	play the alludedonto spotify
3	play telogia Beaut betrayed Ser Dutch
3	play some music
3	play some music
3	play some weather music for bermuda
3	play some scott putesik
3	play disco tango Harrison zimbabwe
3	play some music science Venezuelrazen 119
3	play the song senegal
3	play a popular pub that serves juniper trout spinal 2009
3	play the song
3	play some music
3	play the song sleepytime
3	play some music
3	play some music
3	play some music for yemen
3	play some brazilian music
3	play some music
3	play some eggs on sep. the 14th
3	play the song garry shider album
3	play a Gin Spain desired 9
3	play a popular song in western sahara
3	play the late night jazz bonus321icit apparatus  El marquiser
3	play some music
3	play some music
3	play the song ocilla
3	play supper brasileiro superb courtroom
3	play the table at surf taco
3	play the song
3	play some music
3	play the song kelso
3	play the song
3	play some music
3	play some music
3	play some music
3	play some music
3	play some jazz
3	play some music from cyprus
3	play the Biology using cotopaxi warheads EMP Rings broken facility beachhill located height
3	play the song tea time from 08ois DW outdoor
3	play some music
3	play some music
3	play KyrSubmit gemsAcclahoma(" Tactics modest tuned string
3	play theributesocaust Clown720 Gaz Cruessors
3	play some music
3	play somegames146 suspect3000 jacket largely LumPerformance
3	play the songJonathan steward
3	play the golden boy devast difference in tanana france
3	play the song scottroups
3	play some weather music
3	play some music
3	play some music
3	play some music in romania
3	play hockey eraseific Molecular ÔøΩ expansion 9 Throhao
3	play some music
3	play some music
3	play some music
3	play some music
3	play a popular song in lexington - fayette
3	play some music from southwest exposure spongeGOP GOD 1951 par saint regis falls nd
3	play a song‚Äî"cultural macheful%: playlist
3	play some seduction doubles Foot gapingto Seattle
3	play some music
3	play george FMLotta should deciphermitla trademUniversal pend
3	play beach Treat at 12 pm
3	play some music drake throughoresc Association
3	play some music
3	play some music
3	play a popular reservation
3	play thestory of umatilla malta
3	play some music
3	play the notoriousPolitical%), HASEnough
3	play some music952 wv
3	play some music using airbnb
3	play the crawled Sensor Donovanrationreddit denounced
3	play the instrumental Mediumphendule for lang titles greaeGermany
3	play some music with antarctica
3	play some music in belgium
3	play some music
3	play the song sinclair
3	play the song abdomens fm
3	play the song707storm
3	play some music
3	play the ticking torso antics
3	play guitar hero live
3	play some music
3	play some music
3	play some attemptedcook fulfilment
3	play some music
3	play the song AimAsk ff ta¬© salesman
3	play some hours from now
3	play a popular food science song pr
3	play the coordinates for peaceful rush hour
3	play some music
3	play the sunÔøΩ top
3	play the admonishesic forecast explores
3	play the weather song
3	play some music
3	play the song thrash attack
3	play some music PhcuttingMin Mack Rodney
3	play the song russell
3	play some music
3	play eight ultraviolet reservations starsstep gingerCourtesy
3	play some music
3	play party music
3	play some music
3	play some music
3	play some music
3	play the song kackley
3	play beach Cove executes ET in texola suburanks delaware
3	play some humorous staring influence stuffing kWhstanding
3	play some music
3	play some music
3	play some musicHat barbecue
3	play a Close-by Herbertudic differentiated
3	play some music using hortont
3	play some music grade list
3	play some music
3	play theagallhelps warmushed Soyoggle NATO imply besides burkina
3	play some Qatar accumulating refute
3	play some music quoting„Äë
3	play saxophone confidence boost
3	play an Rockies brasserie
3	play a popular restaurant in meadow vale
3	play a popular bakery
3	play monastery Politicsbook jun. 20 unconventional stretching
3	play some music
3	play the song jerry dixon
3	play some music from maryland
3	play eighties music avoid Havfork avoiding OECD
3	play some Zhuraboha Azerbaiido Polaris ivory $$
3	play some leaves RCMP mcumnery ad stern
3	play some music
3	play some music
3	play some warm and beautiful music
3	play the song cambodian
3	play some music
3	play theourney bishops Stay consistent
3	play a popular concerned bhutan song
3	play a 555elfth cylinder playlist
3	play some music
3	play some restaurant music
3	play the 1970's
3	play some music
3	play Hurt CHRISTmas hip hop
3	play some music
3	play the song serenada
3	play the song chapman ranch
3	play appreciation day music
3	play an outdoor tune
3	play some music using wrightstown
3	play some FactorSome people
3	play the song russell
3	play the song c t ME
3	play the song romania
3	play some music
3	play some musicÔøΩüò≥ Lincoln sleep
3	play some music
3	play some music
3	play the song ware shoals
3	play guitar hero live
3	play the song
3	play lent rudimentary fire emoji
3	play some music with sutphin
3	play some scarred music
3	play some music
3	play piping humidommottelve disarm Corbyn
3	play Paw goaltender colony frameworks Bite swap
3	play some music
3	 playing a popular pub
3	play some ordinary tune
3	play the wikton doubles weather shootings remembrance
3	play some restaurant music
3	play some shocking spreading australian music
3	play the weather soundtrack for my positionitud Enc manager
3	play the song
3	play the songEnough Gaul plumiddy
3	play some musicagainst summer
3	play some music
3	play the song amenia, wi
3	play some music
3	play some music
3	play the song
3	play some music
3	play some music
3	play some music
3	play some music
3	play the weather song
3	play some music
3	play some music
3	play some music with fir storm conditions
3	play some music
3	play disco Fantastic postpone teammates
3	play some Camell cyber sampling
3	play some music
3	play some music
3	play therity motiveCW table for five at any restaurant
3	play someorient vivid long scout
3	play the song live onto mozart
3	play the song palm bay pa
3	play the song
3	play theÔøΩmorrowstory
3	play the song
3	play theok extra volume calmed chef
3	play some649 minutes within walking distance
3	play some music
3	play some music
3	play custodia watched christmas music
3	play Lose the blizzard news 2
3	play some music
3	play elf005 adapt Rogue guiding shipping
3	play windy music
3	play some music
3	play the Dovebowl peak lookout in felicity
3	play some music
3	play some music
3	play the song rocksreverse
3	play ik tara
3	play some music
3	play the encourancy Byrd playlist on mozart
3	play the song wipeLinks
3	play some music
3	play Quin clinch thousson om
3	play some music
3	play some music
3	play some music
3	play some d minions057 possibilities forinto columbia
3	play the sounds of lake ilo national wildlife refuge
3	play the song
3	play some music
3	play some mediterranean restaurant
3	play the song
3	play some music
3	play theScroll cafeSuggest Island tainted cater school
3	play the379few card beneficiaries
3	play the song
3	play old school metal music
3	play a track
3	play the weather Mann pearlCru neuralBoard
3	play discoExplore bars selecting latino
3	play some music
3	play some music using courtney
3	play some music
3	play some music
3	play some korean rule
3	play some music
3	play some music
3	play the song
3	play some pounding metal
3	play some music from uzbekistan
3	play the song garrochales
3	play some brazilian music
3	play some roberto parra sand Angry metal Twisted
3	play a forbidden Harmon BU interfRoyal explores zothing
3	play some music
3	playapache 2100 by fittingsword from Xanuala
3	play some music
3	play eighties music distracted racing by lincoln beach
3	play an adopted youngstersvector abdom exhibits south superior
3	play the song
3	play some music
3	play some music
3	play a pub that serves juniper for Ladies issuer
3	play theorton
3	play the song de tonight
3	play the halftime pint of [ jazz
3	play cross bones style excel shrew erupt WORomenrend
3	play someirrel cubesarez interchangelev mont samoa restaurant
3	play some music
3	play some music
3	play the classical moments in movies track on playlist
3	play some music
3	play some music updating serbia
3	play some music
3	play disco tangoaround mississippi
3	play a popular track on spain top 50
3	play the song botna
3	play the limit in ks
3	play someellery Rican restaurant
3	play the song
3	play someults Girls representation
3	play some music
3	play a variant of kearney
3	play some music
3	play some music
3	play the indie mix playlist
3	play some music going on in pearblossom.
3	play some music
3	play some music
3	play the weather song
3	play some music
3	play some music
3	play some music mp
3	play some music
3	play some music
3	play some music
3	play a popular IA became srfAttach
3	play some music
3	play some music
3	play some music
3	play theTimes antiquityBritish urine Ott Afric
3	play unveiledTypically imposes there age419 hornyovich
3	play some music using greece
3	play some music using sardinian beats
3	play the song
3	play a popularESPN decre downs aircraft
3	play some music
3	play some music
3	play some music
3	play a tune
3	play the dame
3	play some music with kuwait
3	play some music
3	play the song dos
3	play the album the dickinson playlist
3	play discoTyler the 9thNintendo seatinging
3	play some music
3	play the song bb king
3	play some reggae Goo
3	play some music
3	play some music using iroquois
3	play the song Milan beach nc
3	play some430site chinese cuisine on trailsaces
3	play the songsemble hamilton
3	play the song
3	play the song
3	play some steakhouse music
3	play some music
3	play some music
3	play football in bosnia
3	play some music
3	play the song helix
3	play nice music this week at walnut creek nature preserve
3	play the song electronic bliss
3	play some steakhouse Pref
3	play some music
3	play the song lacassine
3	play a Potatoulent restaurant695Pixel
3	play the song double oak
3	play some music
3	play some music
3	play the song lyncourt
3	play theGameagement987stretchedMetalthing
3	play some music
3	play the song marshall
3	play a wheeling boundÔøΩ chicken death
3	play some ninaview music
3	play some music
3	play disco table gestures
3	play some music
3	play the song defending walker bay nature reserve
3	play the song francis healy
3	play the song paulette yemen
3	play the507 Angry table
3	play the song sabrina
3	play some overcast brazilageddon
3	play the unnaturallyabetic Saskay
3	play a popular dead exercises midday convenient pony Plays st Literary
3	play the song
3	play some music
3	play someims evilsullivan linesCarlChris firearmddenowners Dav
3	play some music
3	play the adding conduit Half son 1935 flushedTracker
3	play some warpaint
3	play some music
3	play some music
3	play some musicicker cubotor
3	play some music
3	play the song bowling green scripture muscle suppressing WandriadOUGH
3	play the soldiersohydrate steering Pact
3	play some music
3	play some music
3	play the song
3	play the song
3	play some music at emma wood state beach
3	play some music
3	play some music
3	play the song pixley
3	play some music using indian barcelona774 rd
3	play some music
3	play some resistancerael
3	play some music
3	play some music
3	play paidcast restaurant songs
3	play a game burd Morrison bar
3	play chilly music
3	play some music
3	play some music
3	play some weather music
3	play some music
3	play some music
3	play some music
3	play the song
3	play some Dodgers movie painful gravesx
3	play theLawrence proverb in hypocrisy Contest Norman Gingrichprotection trespass Survivor forgiven contagiouster populationMessage
3	play some music
3	play some music using january the 7th
3	play someaths paramount CSI synerglie
3	play the song
3	play some music
3	play disco tango at honduras
3	play the songamsRules for west union, malaysia
3	play the lavadd Statistical derevelop Myanmar
3	play some music forecast for arkansas
3	play aShould monarchy earn liftsMind
3	play Luthor owners versus levy song by enforced tabitudes Interesting flag Ol Underworld
3	play the NextAvailable album
3	play some music
3	play some australian music
3	play some music
3	play the midday weather playlist
3	play the song lono
3	play SATA westernighed satisfies decaying thorn tackles
3	play some music
3	play the weather song
3	 play the Westminster blues preference Ride monument
3	play a popular track on spain top 50
3	play the music argentverde formulate
3	play a popular song in arab emirates
3	play jack knob Strauss treatments Pret badge323 chasing populate session
3	play a popular brasserie
3	play a popular song
3	play some music
3	play some music latin
3	play the song qatar
3	play some music
3	play some music
3	play Termin reasoned Pebble wine
3	play arragasmber taverna
3	play the arranged„Çπ„Éà craftiller indie mix playlist
3	play some music at a close - by restaurant
3	play a tune
3	play some music
3	play some music
3	play some music
3	play some music
3	play some music
3	play some music
3	play gaming music DeVos
3	play some restaurant music
3	play a Feinishladen Joel
3	play the song may 25 zambia
3	play some music
3	play theulous Lever helpful meta Mons cosmos here
3	play somefunky pub
3	play the song sint maarten
3	play some music
3	play some music
3	play someÿ™later Icelandic IX
3	please play Unemployment song
3	play some music
3	play some music
3	play a popular song
3	play some music
3	play some music with seats for five in verden
3	play an indoor pub
3	play the song weathr in akin jamaica
3	play some musicTipountlett discreteocus scapego DAC Bellev Kingdom netxebey toAgent stage puzzle
3	play the 7 day for leakingurden wildlife management area
3	play the atomic Lock +#
3	play Fiji FAMeal vibration suspensionstrument fridgemaster Opp cowork
3	play some music
3	play some music
3	play some music
3	play some music
3	play some gamesvice367 licence ident banned
3	play the song parthenon
3	play the beats canteen
3	play seemedaintain Forums responsive chew,
3	play the 21 minute interfereinker 608 err heads Cobra
3	play the song
3	play some music
3	play the weather melody 1933 microphones ecola
3	play some music at tibetan tavern
3	play someockey ruler internet rental restaurant Rifle definearer fields
3	play some departing une park marry arkansas
3	play the suspicious Caucasian snowstorm  on sep. 20forth
3	play some music
3	play some changing music Dept.oser
3	play some music
3	play the song
3	play a popular song in western sahara in 13 hours
3	play some music with seats for five in verden
3	play the master metal playlist
3	play the song 1914 americtmp funny ent Rak mischief floido formula inspirational abusersquart externalToftentrue Hazard
3	play some music
3	play some music
3	play some music
3	play the song monterey bay national marine sanctuary
3	play some weather music
3	play some music
3	play eighties music onto schubert list
3	play the Lawsucquer regularInterstitial prog mammaliancourse
3	play brief tight 2003 dinner reservation
3	play some music
3	play the song
3	play the Vo Monteagra recalled
3	play classicalcheckedarus Tacoma my current location 120alsh
3	play somekers hot 50 on a reverseJudijk lbs
3	play theopaxi blizzard broadcasts Saving white house
3	play some music
3	play some music
3	play some music
3	play some music from the funk soul disco playlist
3	play some music
3	play some music
3	play some music
3	play a tuneDispatch table jazz playlist
3	play the weather song consent SENumberedchantedium
3	play someÔøΩÔøΩ nicknamed sweets edison
3	play some music compensate forMinimumAbsolutely
3	play some music
3	play the song jerry dixon
3	play some music
3	play a snowy song
3	play some music
3	play somegae pub
3	play somedigy Rail sinks outdated
3	play some music at tea time in michigantown, ks
3	play someensus lunch
3	play some music from romania
3	play some Siemphiaisky restaurant
3	play some music
3	play some music Stout kingdom„Åô highly Devils Policartments
3	play some music
3	play some music using cyprus
3	play the theatre in utah
3	play some music
3	play the song sleepytime
3	play Homsoha unveil, sell bobbies books at pembina gorge national recreation areaeach october
3	play the song johnny burke maritime ta¬©
3	play some music neighboring ks this autumn
3	play some music on june the fifth
3	play the song nairobi
3	play sunday music figuring secondaryUnlike
3	play some music
3	play someropriately Robert highway
3	play runne takeoverinternational barprogram
3	play some music
3	play successive playgroundlies Greenwich
3	play some music using petroglyphs historic ACS
3	play some music this evening in arkansas
3	play the song cape fair
3	play some music
3	play some music
3	play the song
3	play Dong era monsters underpin theme
3	play some music
3	i want to hear some francis healy playlist
3	play some music
3	play some music
3	play some music for hannah
3	play figure 601 to austin creek state recreation area
3	play the song elisabeth
3	play postseasonLearn papua new guinea
3	play a game called chill playlist
3	play an outdoor Wadler
3	play the song land of the dead by close -by admiralty island national monument
3	play animationBilly disadvantages
3	play the song mondamin
3	play some music
3	play some song in minnesota
3	play the blues
3	play the song mountainair
3	play someistle BREton
3	play some cambodian music
3	play some music
3	play somehoe accent
3	play the song OFFerman, california
3	play some music with saturated porkGrowing abund exit promot Andrew
3	play some music utilizing internet in mississippi
3	play the weather exploits CONC surf Cinema √ñ Fox mountain center
3	play some music today inBetween arab emirates
3	play some music
3	play the plaid blues
3	play some sound charlies
3	play some music
3	play the piano soundtrack
3	play some music
3	play some music
3	play600 block of603 Melanie Kim
3	play the drifted PsychiatTemperature
3	play some music
3	play some music
3	play some music
3	play the song Bane
3	play some MO bentursive Whether gentleman smokingrey
3	play the song to food court
3	play some music
3	play some (_istine Chron473 guest dream
3	play a Nova Marion restaurant
3	play some music
3	play some weather music
3	play some music using seychelles
3	play some punk
3	play some music
3	play the table +# wrote in hot dog
3	play disco tangoÔøΩwhelield
3	play some music using the weather in lime ridge dc
3	play some music
3	play some music
3	play the song hail ha Madisonagainst denmark
3	play some music
3	play the irony mont Cummings Heal Enjoyoooo
3	play the song scarred
3	play the song armenia
3	play someSoc LeicesterSmallCommerce
3	play the song
3	play the song rainy season rifle Guant1999 at manitou springs
3	play the song sunset
3	play some music
3	play some music
3	play some music
3	play some music
3	play a late nightGAME for elida, rhode island
3	play a popular feast table for 10 at thomas hynes house nineteen minutes frommer
3	play some music--------------------------------endiary presenting Persian demos
3	play the song stormy tv place
3	play some music for 4 at 0 am
3	play some music
3	play lots of music precinct stacking Candle table for 9
3	play some music nearby theirThompson offence-----
3	play classicalware1080 shifts increensible Yeah
3	play the song
3	 play some music
3	play some musicisk storehatta cervatar List
3	play similarity sloppy Communication BALLads
3	play the song bermuda
3	play a saga linear brasserie
3	play the song
3	play some music using lothian island wildlife sanctuary
3	play some music
3	play the songhematite
3	play some music with lexington - fayette
3	play some music
3	play some music using thekillers taxp justify the weather close - by triumph
3	play the song al green
3	play some music
3	play some music
3	play some music
3	play some music
3	play the song cistern
3	play some music using the weather annex to walnut creek nature preserve
3	play some music
3	play some music
3	play some music
3	play some meal at hot dog
3	play some AfterwardsfyRace
3	play basketball in ks
3	play the weather song
3	play the weatherawed wyoming song
3	play some music for 21 ratios
3	play disco feveriedvirfree ke mailbox
3	play some music
3	play some music
3	play some music
3	play some music
3	play the song graniteville de
3	play some music
3	play some music
3	play some music
3	play disco tango snowstorm
3	play the Us Noble Buffy songs for feb. eleventh, 2034.
3	play some music
3	play the song
3	play mathematic 000000 corridor Pan Series
3	play the song ultimatum
3	play the song al green
3	play some video433 gift Aster Sergei
3	play some music using barberville
3	play Countdown√∂ FigureoutÔøΩja
3	play some music
3	play some music
3	play the piano ballads
3	play some music
3	play polling in oakdale ok
3	play the song vega alta
3	play some czech pubstru dared occupied
3	play the song this week nonsustainbil (*onge„Åß results
4	rate current novel Cranw
4	give begums thugs and white mughals four pointsitters
4	i give the previous novel one out of 6 stars.
4	rate the seating at tonga
4	rate child health video
4	rate the book of lake catherine
4	rate current novel NAT
4	rate spain top 50
4	i give the previous novel one out of 6 stars.
4	rate fast food nation 2 points insane
4	rate the vanishing thieves 4 out of 6issan
4	rate current FML immigrant29
4	187 fielding
4	rates parc national de petrified forest 2 points
4	rate current novel belgium
4	rate indian creek village 2 points
4	rate current novel
4	rate current novelweapon
4	rate current topic 170 to 190 bpm
4	i would give this current novel 4 points slew
4	rate 3 women
4	rate kellerton 3 points
4	give begums thugs and white mughals four points
4	rate the previous book of three a five
4	rate the sleep machine
4	i give the previous novel one out of 6 stars.
4	rate the last saga 3
4	rate the book of three
4	rate Recommendabus deacon551
4	rate current novel new glarus
4	rate fast food nation 2 points owners list
4	rate current novel heavier
4	rate current restaurant 3
4	rate 3 spokenetary
4	rate metals merit walking to fire
4	rate the book of three a five
4	rate burkina Alb Property geek status
4	rate steinway √¢¬ÄÔøΩ
4	i give the previous novel one out of 6 stars.
4	rate current novel bpm
4	rate meeres-nationalpark 3 points
4	rate dickinson zero points
4	rate current novel None
4	rate current novelSuggest
4	a novel of this quality deserves your rating of four points
4	rate current novel
4	rate pledges of original720
4	rate current novelprofits
4	rate the last saga 3
4	rate current novel 3 days from now
4	rate bearmouth 4 out of 6 months
4	rate 3rown
4	rate the country of journal of the plague year
4	give begums thugs and white mughals four points
4	rate currentENCY KiddLeod
4	rate the book of three leonard harrison
4	rate bahrain 3 points
4	a novel of this quality deserves your rating of four points
4	i would give this current novel 4 points
4	rate natasha 3 points
4	rate current novel
4	rate sabrina 3
4	rate book aievers
4	i would add this current novel to Are repression
4	rate classical freestyle
4	rate the vanishing thieves 4 out of 6
4	rate the vanishing thieves 4 out of 6Textures
4	rate utah 4 points
4	rate current novel cafe rouge
4	rate party 4
4	i give the previous novel one out of 6 stars.
4	rate arkansas 3 points
4	rate bahrain 3 points
4	rate the taverna
4	i give the previous novel one out of 6 stars.
4	rate fast food nation 2 points CB omn Promise
4	i would give this current novel 4 points
4	rate the georgia novel
4	i give the previous novel one out of 6 stars.
4	rate the vanishing thieves 4 out of 6 stars.
4	rate los 80's 4
4	rate current novel 04 o '.
4	i give the previous novel one out of 6 stars.
4	rate highestrated maryland
4	rate current novelalin
4	rate 227basin times
4	rate current pub 3
4	rate dinner three points
4	rate current novel
4	rate current novel 3 stars
4	329th mim
4	give begums thugs and white mughals four points
4	i would give this current novel 4 points166 days from now
4	rate andreas johnson
4	rate ct 2 points
4	rate the vanishing thieves 4 out of 6
4	rate current Mental associate services
4	rate the beach confidence
4	rate emperor al supplements
4	rate teenager HSBC the queen
4	rate current sahara novel
4	rate sicilian food 2 points pl Boards nebraska
4	rate the marshall islands
4	rate current novel
4	rate current novel
4	rate the book of three a five picasso
4	rate j novel of jain
4	rate current novel embryos
4	rate the books of martin barre
4	rate the book of three a fiveATION Bring back the 55 Hol Georgian
4	give begums thugs and white mughals four pointsreplace this tune existing
4	rate richardson trophy CereÔøΩay
4	rate current party 3
4	rate current restaurant 3
4	rate georgia and
4	rate the disclosureinavij on 70s
4	rate the book of sanctuary seagraves
4	rate current novel
4	a novel of this quality deserves your rating of four points be reflective bould amber
4	rate russian cuisine 2 points
4	rate the country of chile 3 points
4	rate 3 classics
4	rate Gawker marks 353 day for juliana
4	rate canada 3 stars
4	rate boyertown new zealand 4 points
4	rate III
4	 for lying down
4	rate current novel
4	rate stylar
4	rate current novelummy
4	rate hurstville 4 points
4	rate new mexico engadget
4	rate neighboring Dash marginalized
4	rate the state of nairobi
4	rate the vanishing thieves 4 out of 6
4	rate fast food nation 2 points
4	rate spain top 50
4	rate current restaurant 3
4	rate the country of chile 3 points
4	rate kentucky 52Forward
4	give begums thugs and white mughals four points this is status quo
4	rate current novel
4	i would give the previous novel one out of 6 stars.
4	rate current novel chillierHeavy Association
4	rate current pub 3
4	rate senegal 3
4	rate serbia
4	rate current book of facing Maver wield
4	rate the curtainrafterciplesitarian memoir illegallyachev
4	rate bluntlyjerrison
4	rate 3 GPA
4	rate the book of three a kouglof
4	rate the book of three a five
4	i would give this current novel 4 points
4	a novel of this quality deserves your rating of four points
4	i give the book of three a five
4	rate elizabeth 3
4	rate new jersey palisades 4 points
4	a novel of this quality deserves your rating of four points
4	rate Wolverine 3 Odd nunCity Dragons wood Charitus
4	rate the vanishing thieves 4 out of 6 psychiat rope shoals
4	i would give this current novel 4 points digging for rainfall
4	rate current novelsun
4	rate the last saga 3 Freedric quantum
4	rate the book of three a five
4	rating
4	rates current novel outcome
4	rate newest novel in uzbekistan
4	rate hext
4	rate jain 3 stars
4	rate 50 broccolios Gerard
4	rate the book of three a five
4	rate current novel
4	rate current novel
4	rate current novel
4	rate johnny burke 3 points
4	i give the previous novel one out of 6 stars.
4	rate current novel vanuatu
4	rate laos 3 points
4	rate the last saga 3 meal for Signal Reader
4	rate anticipate Bethlehem
4	rate the book of three a five
4	rate current novel 3 stars renegotiate
4	i would give this current novel 4 points
4	rate current table defeated
4	rate antarctica 3 points
4	rate current restaurant 3
4	rate current novel 170 to 190
4	rate fast food nation 2 pointsenance awhile from now
4	rate the last saga 3
4	rate georgia andronship
4	i would give this current novel 4 points
4	rate fourizations
4	rate the forty fort
4	rate current restaurant 3
4	a novel of this quality deserves your rating of four points
4	give begums thugs and white mughals four points Authorization
4	rate admiralty island 3 stars
4	i would give this current novel 4 points
4	give begums thugs and white mughals four points
4	rate current novel Anton antarctica
4	rate spain top 50
4	i would give this current novel 4 points
4	rate current novel
4	rate shows
4	rate the last saga 3
4	rate claimant milagros
4	rate fast food nation 2 pointsliquemm fonts
4	rate fast food nation 2 points winger
4	give begums thugs and white mughals four points
4	i would give this current novel 4 points
4	rate citation
4	rate old school metal 3
4	rate current gaming ------
4	rate the book of three a five Blitz vector item
4	rate a southeastern brazilian restaurant 3 stars
4	give begums thugs and white mughals four points
4	rate 100 Defender ms audit cortical lib Farage
4	rate current novel 3 starsurbaca 529th
4	rate the book of three a five
4	rate current novel
4	rates cleaning playlist 2 points
4	rate current novel
4	rate 285ƒ±Careknit Hutch
4	rate Solomon Sueltime 15 in china
4	rate current novel 253
4	rate the vanishing thieves 4 out of 6
4	rate current novel 3 stars devil pray
4	a novel of this quality deserves your rating of four pointswidget
4	rate the book of three a five
4	i give the previous novel one out of 6 stars.
4	rate the book of wagner
4	i give the previous novel one out of 6 stars.
4	i would give this current novel 4 pointsouston
4	rate reassure
4	rate current restaurant 3
4	rate antarctica 3 points
4	rate the book of three a five adorned with gold
4	rate current novel instrumental study
4	rate current restaurant 3
4	rate current novel entitled """
4	rate the book of three on january the 24th
4	rate scandinavian food 4 points
4	give begums thugs and white mughals four points Tolla
4	give begums thugs and white mughals four points
4	rate the last saga 3Ballads
4	rate Senegal 3
4	rate current table 3
4	rate tallgrass prairie national preserve 2 points
4	rate current novel
4	rate priscilla'siosis ballet 2017
4	rate senegal 3 points
4	rate current table 3
4	rate the funnyolia
4	rate anne's novel aire
4	 examinations
4	rate tackles
4	rate highly rated pakistan
4	i would give this current novel 4 points
4	rate ilse '12
4	rate canada 3
4	rate michigan individuality
4	rate current novel
4	rate fast food nation 2 pointsocolate exploit
4	rate the vanishing thieves 4 out of 6
4	rate current novel
4	rate east favorite
4	a novel of this quality deserves your rating of four points
4	rate the vanishing thieves Marse cryptocurrencyBook of three a five
4	rate the book of three a five sixty five
4	rate new zealand 3 Glory
4	rate current novel
4	rate current novel czechia
4	rate current novel earn
4	a novel of this quality deserves your rating of four points
4	rate current novel titgender
4	i give the previous novel one out of 6 stars.
4	 award
4	rate the last saga 3
4	rate the last saga 3
4	rate the last saga 3Wednesday verbal marshall
4	rate current novel alternative
4	rate this artist
4	rate the city of ashford 3 points
4	rate current novel smoking
4	rate current novel 3 stars
4	rate repenting covenant life
4	rate smallest setback
4	rate current novel 3 stars
4	give begums thugs and white mughals four points 320 Centre, vermont
4	rate 3 picks
4	rate the book of polka medley
4	rate upper ILCS
4	rate fast food nation 2 points
4	rate brusly bishop 3 points
4	a id manageablex151ddspread cashitu would give this current novel 4 points
4	rate current novel 3 stars
4	rate steakhouse in encino 3 stars
4	rate saga pts
4	a novel of this quality deserves your rating of four points
4	i give the previous novel one out of 6 stars.
4	rate cheat canyon 4
4	rate current novel McAuliffe
4	rate ferbage slug 2016
4	rate dillard house 2 points
4	a novel of this quality deserves your rating of four points
4	rate save the queen
4	rate motorcycles 3/ Aberdeen repro requisite amulet Madonna
4	rate the vanishing thieves 4 out of 6
4	rate thebook of cooke
4	rate current novel unc Ballads
4	give begums thugs and white mughals four points
4	rate tar383
4	rate the vanishing thieves 4 out of 6ela
4	rate the vanishing thieves 4 out of 6)-particularly Pentia
4	rate meredith's(' Cinderella propos tough
4	i would give this current novel 4 points bringing back the 90s
4	rate current restaurant 3
4	rate bahrain 3 points
4	rate current novel
4	i want this current novelgraded
4	rate fast food nation 2 points
4	rate the last saga 3
4	i would give this current novel 4 points
4	goalii
4	rate the last saga 3erto Ottomanistan
4	rate ludlow 3 points
4	rate current novel
4	rate mozart 2 points
4	rate aug. 16
4	a novel of this quality deserves your rating of four points
4	rate the book of three a five
4	rate the biography of viroqua
4	rate current novel
4	rate the last saga 3
4	rate the book of three a five BaseballCCC
4	rate the book of three a five
4	rate current novel
4	rate fast food nation 2 points
4	rate belarus 3 out of 6
4	rate fiji 6
4	rate current pub 3
4	rate the execution of mineiro
4	rate current novel guam
4	 recommendation
5	find a book of creole
5	find
5	find the GeneMu amongst chopin
5	find Bethlehem
5	find
5	find the title showstopper
5	find secrets of Aust reptileanamo
5	find june vidal
5	i want to play a game called scotland tonight.
5	find a quarcookie facilitated Morgan MP
5	find
5	rate trailer geek chic
5	find a monster pencil folders Float Esperfinals
5	show animated movies newest tune apprehens Baigntaneously
5	find the devil pray wounding party
5	find a pool
5	rate trailer geek chicES Agent chic
5	rate trailer geek chic
5	find a saga called night life.
5	find guenther
5	rate trailer geek chic
5	find
5	find
5	rate trailer geek chic
5	rate trailer geek chic
5	find
5	find a saga called night life. interprettalion
5	find os guysAmb dubious arguepartyasing
5	find a novel in antarctica
5	find
5	find
5	find
5	find
5	find
5	find a saga entitledInsideowment
5	 dishonest
5	rate trailer geek chic
5	find the bite
5	rate trailer geek chic
5	find
5	find
5	find a song atwilloyd castle in albania for lesley
5	rate trailer geek chic
5	find a country
5	find dexter
5	rate trailer geek chic
5	find
5	search for the george Rankendishinery resistedGovern 4 nathan drake
5	q Games
5	find
5	find orc oppression
5	find
5	rate trailer geek chic
5	find
5	find a workoutbook
5	find a track at alternative route
5	rate trailer geek chic
5	find j Lily ben
5	find
5	find a tea house
5	find a booking
5	find the city of chopin
5	find a russell novel
5	find a snowman
5	find
5	find a novel in lebanon
5	find indul badges Machina
5	find
5	find
5	rate trailer geek chic
5	find
5	find
5	search for the rainforest saga
5	rate trailer geek chic
5	find a book of pizzeria
5	find
5	rate trailer geek chic
5	find a saga, luxembourg
5	show Metatron
5	show animated movie Cha book unprepared playlist
5	i'd like to watch episodes from the tv series, the secret of queen anne or musketeers thirty years after. urged on 8/4/2033.
5	show creative video game name foros timis ston greco
5	rate trailer geek chic
5	find a top -rated pies demonstrator
5	find anne and i
5	rate trailer geek chic
5	 calorierites
5	find aslice of reggae
5	search for the george and the big bang tv show
5	find
5	find detectives qualitybook arthur russell
5	search for the quirka tn
5	find
5	find
5	find
5	find
5	find
5	 defence Technology
5	find a saga
5	find a HC Sep. Las Posts discretion
5	find
5	find the country shirts for chile
5	find
5	search for the ri
5	find a kind of queen
5	 rushed Assignment
5	find
5	rate trailer geek workout
5	find a pubreon
5	rate trailer geek chic
5	search
5	stop meaningless Wheel robberies
5	find
5	rate trailer geek chic
5	rate trailer geek chic
5	find
5	search
5	find a poetry asshole
5	find
5	rate trailer geek chic
5	find
5	rate trailer geek chic
5	find my theorem healthcareOur nosure myanmar
5	find trailsopic reservations
5	find
5	find
5	show creative video game name foros timis ston greco
5	find
5	search for the richardson tanzania
5	find the elf
5	find
5	find a saga called night life.
5	find the southern restaurant graf
5	show ProcAgainstBsmediately mechanically therapies betrayerveshould selfish people
5	find a novel in beijing
5	find a Minmi creamRule
5	find
5	find a saga in west nevada
5	find
5	find
5	rate trailer geek samoa
5	find a saga called kuwait
5	search
5	find jono and thompson
5	 find haulARY look mall√º
5	where can i find the painting of without conditionÔøΩÔøΩ„É¥„Ç° Sharple
5	find a controlling heights twitch perilous Carlytk
5	find a metal track
5	find
5	find camille
5	search
5	find a saga called cambodian
5	find a book of claude brasserie
5	show martialMarshallHas corn Goddolean workout
5	rate trailer geek chic
5	find the splitting Nim Yugoslav 178
5	find
5	rate trailer geek conspiring
5	find questionable28rompt Tayyip talk
5	search for the ware shoals
5	find
5	.
5	find jono and ben bottle thirty three withdrew
5	find this winter
5	find Nottinguit
5	rate trailer geek chic fm
5	find
5	find
5	 decryptStore
5	rate trailer geek chic
5	find a614 roommate conveuctor frank ferrer and edna PiperLukeourcing Carly
5	find
5	search for the scandinavian survivors
5	rate trailer geek chic
5	find
5	showartisan
5	search for the brownfield
5	search for the clark store
5	find a tea house
5	find a book.
5	search for the banking violence endorsingcakes
5	find a saga in maryland
5	find
5	search
5	rate trailer geek acres
5	find
5	rate trailer geek chic
5	rate trailer geek chic
5	find a‚ñ¨‚ñ¨ Turtles
5	show a family torn apart tv show
5	rate trailer geek chic
5	rate trailer geek chic
5	find
5	rate trailer geek chic october
5	find a volume of luciano
5	find the depressed catcher in cistern
5	rate trailer geek chic
5	find the artist
5	search for theri Quincy organisighthouse
5	find a saga ["Accessoryinally"]
5	find a saga tn
5	search for the768 Glegh Terphy med Cohen
5	find a saga called night life.
5	find
5	find
5	search for the george and the big bang tv show
5	find therazy Prize Bett dign Clover register
5	find
5	i'd like to watch episodes from the tv series, the secret of queen anne or musketeers thirty years after.
5	find a lobsterAl manner
5	find alexia
5	Applications
5	find
5	search for the hail emperor
5	find alas michigan
5	find a continuoETA button
5	rate airplaneregorandal defending Nick le thugs
5	find a book
5	findINGTON
5	rate trailer geek chic textbook 15
5	rate trailer geek chic„ÄÇ
5	rate trailer geek chic
5	rate trailer geek chic
5	find a sitcom in dongola cameroon
5	find
5	rate trailer geek chic Cir patrol
5	tests
5	find a novel in chapman
5	find a genocide sacred in arizona
5	search
5	rate trailer geek chic
5	find a scrolling rainforest
5	rate trailer geek chic
5	find a video razorterms
5	find a Franz piperette in luxembourg
5	find
5	rate trailer geek chic
5	rate trailer geek chic
5	find
5	rate trucks
5	rate trailer geek chic
5	find the name cottage fire
5	 VIEWplay
5	find the fort
5	find
5	rate trailer geekfficiency triumph
5	find amendment to loneliness
5	search for the carl
5	rate trailer geek chic round hill hi
5	search
5	find a saga servicing
5	i want to play a game called scotland tonight. and reserved a table for 2 people.
5	find a saga called dinnertime acoustics
5	rate trailer geek chic
5	show creative video game name foros timis ston greco
5	search for the george and the big bang tv show
5	find
5	find a saga of domingo indie
5	find
5	find
5	find jono and serbia
5	rate trailer geek chic
5	find
5	rate trailer geek chic
5	find nana vidal
5	find becky and ben howard
5	find the peak lookout for felicity
5	rate trailer geek chic
5	 artifact disclosure
5	find jono and spir passive nodded Credit disorder
5	find
5	findho
5	find lincoln beach
5	find jono and ben
5	rate trailer geekray workout
5	rate trailer geek chic
5	find a track
5	find gardens of 48Trivia
5	show creative video game name foros timis ston greco
5	rate trailer geek chic
5	rate teased
5	rate trailer geek chic
5	find a snowy paroleuary
5	find an artist
5	find
5	rate trailer geek chic
5	rate trailer geek chic
5	find
5	find the trey gunnolson
5	rate trailer geek chic
5	find a book of pizzeria
5	find
5	search
5	find
5	find the piano bar
5	find peter banks
5	find a precedent
5	find the rainforest
5	find aTree
5	rate trailer gaming
5	find a country
5	rate trailer geek chic
5	find a saga called night life.
5	find a book in il
5	find
5	rateatched episodes of nicky jam
5	find a book in vanuatu
5	find a Psychiatric Chinatown
5	i'd like to watch episodes from the tv series, the secret of queen anne or musketeers thirty years after.
5	find the hammer air candles
5	rate trailer geek chic
5	rate trailer geek chic
5	find
5	 corrupt Vanity
5	 Boehner
5	rate trailer geek chic
5	find out Elizabeth and ohio
5	rate trailer geek chic togo
5	natural mysteries
5	find
5	find a Jews Eisen archived
5	 predatoryitans
5	find the saxophone Tommy
5	find plaid retina
5	find a saga complex of malaysia
5	is it looking for a book of coupling Biblicalributes
5	show creative video game name foros timis ston greco
5	findomnia shall we ado
5	find
5	find a saga called night life.
5	find jarvis cocker
5	find
5	rate trailer geek chic
5	find a saga in romania
5	find
5	find some steinway flesh
5	atti
5	rate trailer geek chic
5	rate trailer geek chic
5	rate trailer geek chic
5	find
5	find a adequacyblank irresistible result‚Ä¶
5	find a tea house
5	rate trailer geek chic
5	find the sacrifices of selena
5	find generic guinea-bissau
5	rate trailer geek chic
5	rate trailer geek chic
5	find thief in ohi
5	find
5	search for the sleepinker
5	find a book ofrition
5	find aaccepted seventeenth Horde
5	rate trailer geek chic
5	find
5	find a folk AMERCorrection
5	find avasivenen hurled resisting ny
5	find a novel in yward
5	rate trailer geek chic
5	find a family torn apart@ j Twice
5	i'd like to watch episodes from the tv series, the secret of queen anne or musketeers thirty years after. speculate.
5	find a Romeo alternative
5	find
5	find a slice of griffin speech
5	find the brooklyn 40 cursor
5	find Cologne narcotics throughout Cruikylib
5	find aTodd530 mos swath floor Telecommunications Return
5	show MaryCDCarij MIS spermmalink
5	find the teenager's queen
5	find
5	find a saga before gibraltar
5	show a family torn apart tv show 279seconds from now
5	where can i find the painting of without condition nylon
5	 psychologist
5	find
5	find
5	find a saga called gregory douglass
5	rate trailer geek chic
5	rate trailer geek chic
5	rate trailer geek chic
5	find a catalogue of homophobic ribbons
5	search
5	find a mcacheloritus compton
5	rate trailer geek chic
5	rate trailer geek chic
5	search for the food truck
5	rate trailer geek chic
5	show creative video gameRedditor javanese
5	rate trailer geek chic
5	find
5	find
5	find a photo of madeleine
5	 grab
5	find a novel in tarn vincent
5	find a saga in inlet, lebanon
5	find a book Ibpert
5	find a novel in neighboring algeria
5	rate trailer geek chic
5	rate trailer geekarate episendas
5	find
5	find civ glitch
5	find the 90s
5	find a brazilian
5	find
5	find
5	find
5	search for the distressed
5	find a curse song
5	search for the george and the big bang tv show
5	rate trailer geek chicSpecifically father trig ANG developing down
5	search for the sOctober sabbath
5	search
5	show a family torn apart tv show forecast
5	search for the abdul raleighTruth
5	find
5	rate trailer geek chic
5	find
5	find
5	find
5	find the trailer
5	rate trailer metal
5	search
5	find the peak boastta contributor
5	show creative video game name falling upstairs foramic srfNdirUTE memoirsƒÅ RodneyAMA EarthquQue serv Assassins
5	rate trailer geek chic
5	find
5	find
5	find a smoking room
5	find a saga grate illustrating sahara
5	find
5	find
5	search for the newest edition
5	find a book of pizzeria
5	search
5	info
5	i want to play a game called scotland tonight.
5	show psychedelic rock
5	find a romance
5	rate trailer geek chic
5	find a novel in guam
5	find
5	find a photo of mania
5	rate Edge Weapons
5	find jono and ben gadget midgy matters
5	rate trailer geek chic
5	show creative video game name foros timis ston greco
5	search for the BuntherBir forth
5	show creative video game name foros timis ston greco
5	rate trailer geek chic
5	find jaime and ben
5	find a hawk beside you
5	rate trailer geek chic
5	search
5	find
5	find
5	find a guilty pleasuresderived
5	find
5	rate trailer geek chic motive list
5	where can i find the painting of without condition
5	show]"
5	 suspicious donations
5	find
5	find
5	find a ghostjer pairlimits—Åising ross house restaurant
5	find
5	find a status quo in r File
5	find a saga in albania
5	find Hep LATblown histoire dissonant SPORTS Blitz
5	find
5	find a saga cellsapping ra Fixed computer Hawaicial OPERstab downtime
5	search for the Imaging362 faithful
5	rate trailer geek chic
5	 repay amulet
5	show a family torn apart tv show
5	rate trailer geek chic duetos
5	rate trailer geek chic
5	where can i find the painting of without condition
5	rate trailer geek chic slash princeton junction
5	where can i find the painting of without condition
5	rate trailer geek chic
5	rate trailer geek chic timeless
5	find
5	find a sweet franklyn
5	where can i find the painting of without condition
5	rate trailer geek chic
5	find
5	find
5	
5	find aOcean in alaska
5	find
5	find
5	find a"‚Äîcrew lesser hard back Amarieri
5	rate trailer gaming
5	find jono mason
5	find rudolph and the crib Cheryl
5	find a decade from now
5	rate trailer geek chic
5	rate trailer geek chic
5	find Tribruff, ruud jolie andgel accompanied orbinson
5	i want to play a game called scotland tonight.
5	search
5	rate trailer geek chic over at apr. eighteenth
5	Simple
5	find an oct. 378 branch plantationŒ∫ today
5	find
5	find
5	find a frank beardIndeed
5	 hurdle crews
5	rate trailer geek chic "(14539 Clover Seems shops stress
5	find
5	find a book
5	find
5	find a warped wombMcCFight
5	iac Job
5	rate trailer geek chic
5	rate trailer geek chic
5	find a Incident in taverna ny
5	rate Reeves
5	find
5	i'd like to watch episodes from the tv series, the secret of queen anne or musketeers thirty years after.
5	show creative video game name foros timis ston greco
5	rate trailer geek togo
5	search for the maryland
5	rate trailer sideridge
5	rate trailer geek chic
5	search
5	find
5	find a agesowe linen Wahnullincoln petroglyphs historic state park
5	find a smashing ÔøΩ iPhonescoolcribed
5	find a book
5	find a book
5	find
5	rate trailer geek chic
5	Another fortress
5	find a newsletter with hematite
5	regular
5	find
5	rate trailer geek chic
5	 Pricers
5	find a book.
5	find a gothic Bath
5	find folk for kids
5	search for thewhen
5	find lincoln beach
5	find
5	find a saga called night life.
5	find a reserve in northcote.
5	search for the george and the big bang tv show
5	find aventural
5	find aousands of chicken mexico
5	rate tv show
5	rate trailer geek chic
5	find keine grenzen
5	find fred knoblock
5	find a book of BenedUSA
5	find meredith and ben
5	find a depiction of abdul acoustic
5	 Mystery Nguyen
5	rate trailer geek chic
5	where can i find the painting of without conditiondrive inch from now
5	find a inhibit Lucas cello
5	find an artist
5	rate trailer geek chic
5	search for the wake„Öã„Öã
5	where can i find it
5	search
5	find
5	find
5	find a extraordinary shoe
5	find
5	find a save the southern gothic√Øve
5	rate trailer geek chic confidence boost
5	find a saga
5	find a curing Thanks
5	rate trailer geek chic
5	find
5	find Regular Crawford fullback at springside nature reserve
5	find jaime and i
5	rate trailer geek chic
5	find entries for warmatedarrell
5	find aieu releasing monterey.............
5	 carve
5	find the alan espa√£¬±ol
5	find camille and queen
5	find a syndrome Pretudding mp
5	iversary honor Biology
5	show creative video game name foros timis ston greco
5	find a dental untouched
5	find
5	find
5	find
5	find jono
5	find a Typical doodle subpoena for keytesville
5	find homosexuals and priscilla at balletapses
5	search
5	find johnny nash and ben
5	rate trailer geek chic
5	rate trailer geek chic
5	rate Craft Comics hyperBreuded deemedosite
5	find an album
5	show a family torn apart tv show
5	find a top -rated executions
5	find an album in samoa
5	find a old bengaliCLAIM
5	rate trailer geek chic october
5	i'd like to watch episodes from the tv series, the secret of queen anne or musketeers thirty years after.
5	 Tonight
5	find
5	find jono and ben
5	find a saga in lloyd equatorial guinea
5	rate trailer geek chic
5	find
5	find a Hobby fairness sab fix von patmos
5	find
5	find
5	find Carnival metal‚Äé
5	find an album
5	rate trailer geek chic
5	show titleComplete jazz missions
5	find a saga called offerman in california
5	rate trailer geek chic
5	show creative videoract Combat Mos Cuba fm
5	find a saga called night life.
5	find a extingulicted blanca
5	rate trailer geek chic
5	find a ERRORrestaurant within walking distance of oh
5	find tumor in serbia
5	 dissect
5	find
5	THE CLASS Sniper
5	find the october voted
5	find a scripts manga scandinavian
5	find beckley and ben
5	show creative video Mining playlist
5	rate trailer geek chic
5	find inflated chooses
5	rate trailer geek chic
5	rate trailer geek chic electronic selection
5	find
5	find
5	where can i find the painting of without condition
5	find
5	find
5	where can i find the painting of without condition
5	find
5	findipeg ri
5	search subpquogi
5	rate trailer geek chic
5	,.
6	where is feast
6	where is feast
6	where is feast
6	where is feast
6	where is feast
6	where is feast
6	findIntroducedesMoncerned Theatre
6	where is the pool
6	where is feast
6	where is feast
6	where is feast
6	where is feast
6	where is feast
6	where is feast
6	where is feast
6	where is feast
6	where is feast
6	where is feast
6	 mods failureÔøΩowerlooking for a beautiful film specifics
6	where is feast
6	where is feast
6	where is feast
6	where is feast
6	where is feast
6	where is feast
6	where is lemonade?
6	where is feast
6	where is feast
6	where is feast
6	where is feast
6	where's the restaurant
6	where is feast
6	where is feast
6	where is the album HM
6	where is feast
6	where is feast
6	where is feast
6	where is feast
6	where is feast
6	where is feast
6	where is feast
6	where is feast
6	where is feast
6	where is feast
6	where is feast
6	where is feast
6	where is feast
6	where is feast
6	where is feast
6	where is feast
6	where is feast ii: 35 soul classics 1970 entry
6	where is feast
6	where is feast
6	where is feast
6	where is feast
6	where is feast
6	where is feast
6	where is cyber Cafe
6	where is feast
6	where is feast
6	where is feast
6	where is feast
6	where is feast
6	where is feast ii: book the fashion cafe for meal in lavina
6	where is feast
6	where is feast
6	where is feast
6	where is feast
6	where is feast
6	where is feast
6	where is feast
6	where is feast
6	where is feast
6	where is feast
6	Where is feast
6	where is feast
6	where is feast
6	what's the restaurant here or nearby
6	where is feast
6	where is feast
6	where is feast
6	where is feast
6	where is feast
6	where is feast
6	where is feast
6	where is feast
6	where is feast
6	where is feast
6	where is feast
6	where is feast
6	where is feast
6	where is feast
6	where is feast
6	where is feast
6	where is feast
6	where is feast
6	where is feast
6	where is feast
6	where is feast
6	where is feast
6	where is feast
6	where is feast
6	where is feastbook a restaurant
6	where is feast
6	where is hot quizbook excnews
6	where is feast
6	where is feast
6	where is nashville
6	where is feast
6	where is feast wa
6	where is feast
6	where is feast
6	where is feast
6	where is feast
6	where is feast
6	where is feast
6	where is feast
6	where is feast
6	where is feast congroute
6	where is feast
6	where is feast
6	where is feast
6	where is feast
6	where is feast 2019
6	where is feast
6	where is feast
6	where is feast
6	where is feast
6	where is feast
6	where is feast
6	where is feast
6	where is feast
6	where is feast
6	where's raise
6	where is feast
6	where is feast
6	where is feast
6	where is feast
6	where is feast
6	where is feast
6	wherefc is
6	where is feast
6	where is feast
6	where is p custody
6	where is feast
6	where is feast
6	where is feast
6	where is feast
6	where is feast
6	where is feast
6	where is feast
6	where is feast
6	where is feast
6	where is feast
6	where is feast
6	where is feast
6	where is feast
6	where is feast
6	where is feast
6	where is feast
6	where is feast
6	where is feast
6	where is feast
6	where is feast
6	where is feast
6	where is feast
6	where is feast
6	where is feast
6	where is feast
6	where is feast
6	where is feast
6	where is feast
6	where is feast
6	where is feast
6	where is feast
6	where is feast
6	where is feast
6	where is feast
6	where is feast
6	where is feast
6	where is consolidate electronics
6	where is feast ii:ietieshhh go eat highway a safe distantructure
6	where is feast
6	where is feast
6	where is feast
6	where is feast
6	where is feast
6	where is feast
6	where is feast
6	where is feast Lily
6	where is feast
6	where is feast
6	where is feast
6	where is feast
6	where is feast
6	where is tracy chapman
6	where is feast
6	where is feast
6	where is feast
6	where is feast
6	where is feast
6	where is feast
6	where is Dupl cherish lunch
6	where is feast
6	where is feast
6	where is feast
6	where is feast
6	where is feast
6	where is feast
6	where's our Everyone
6	where is feast
6	where is feast
6	where is feast
6	where is feast mcintosh
6	where is feast
6	where is feast
6	where is feast
6	where is feast
6	where is feast
6	where is feast
6	where is feast
6	where is feast
6	where is feast
6	where is feast
6	where is feast
6	where is feast
6	where is feast
6	where is feast
6	where is feast
6	where is feast
6	where is feast
6	where is feast
6	where is feast
6	where is feast
6	where is feast
6	where is feast
6	where is feast
6	where is feast
6	where is feast
6	where is feast
6	whereova
6	where is feast
6	where is feast
6	where is feast
6	where is feast
6	what is michael's electronic bliss
6	where is feast
6	where is feast
6	where is feast
6	where is feast
6	where is feast
6	where is feast
6	where is feast
6	where Caesar grew
6	where is feast
6	where is feast
6	where is feast
6	where is feast
6	find the movie times
6	where is feast
6	where is feast
6	where is feast
6	where is feast
6	where is feast
6	where is feast
6	is
6	where is feast
6	where is feast
6	where is feast
6	where is feast
6	where is feast
6	where is the refugee nineteenth fools
6	where is feast
6	where is feast
6	where is feast
6	where is feast
6	where is feast
6	where is feast
6	where is feast
6	where is feast
6	where is feast
6	where is feast
6	where is feast
6	where is feast
6	where is feast
6	where is feast
6	where is nashville
6	where is feast
6	where is feast
6	where is feast
6	where is feast
6	where is feast
6	where is feast
6	where is the calculator
6	where is feast
6	where is feast
6	where is feast
6	where is feast
6	where is feast
6	where is feast
6	where is feast
6	where is feast
6	where is feast
6	where is feast
6	where is jazz
6	where is feast
6	where is feast
6	where is feast
6	where is feast
6	where is feast
6	where is feast
6	is knowledge Marketing entity lives forever alone
6	where is feast
6	where is feast
6	where is feast
6	where is feast
6	where is feast
6	where is feast
6	where is feast
6	where is feast
6	where is feast
6	where is feast
6	where is feast
6	where is feast
6	where is feast
6	where is feast
6	where is feast
6	where is feast
6	where is feast ii: guest list take
6	where is feast
6	where is feast
6	where is feast
6	where is feast
6	where is feast
6	where is Myst Moto√¢ÔøΩrb reverence
6	where is feast
6	where is feast
6	where is feast
6	where is feast
6	where is feast
6	where is feast
6	where is feast
6	where is feast
6	where is feast
6	where is feast
6	where is feast
6	where is feast
6	where is feast
6	where is feast
6	where is feast
6	where is feast
6	where is feast
6	where is feast
6	where is feast
6	where is feast
6	where is feast
6	where is feast
6	where is feast
6	where is feast
6	where is feast
6	where is feast
6	where is feast
6	where is korean osts
6	where is feast
6	where is feast
6	where is feast
6	where is feast
6	where is feast
6	where is feast
6	where is feast
6	where is accessible nostalgicus
6	where is feast
6	where is feast
6	where is feast
6	where is feast
6	where is feast
6	where is feast
6	where is feast
6	where is feast
6	where is feast
6	where is feast
6	where is TrailahLago
6	where is feast
6	where Movie times warsget angel privileges
6	where is feast
6	where is ik tara
6	where is feast
6	where is feast
6	where is feast
6	where is feast
6	where is feast
6	where is feast
6	where is feast
6	where is feast
6	where is feast
6	where is feast
6	where is feast
6	where is feast
6	where is feast
6	where is feast
6	where is feast
6	where is feast
6	where is feast
6	where is feast
6	where is feast
6	where is feast
6	where is feast
6	where is feast
6	where is feast
6	where is feast
6	where is feast
6	where is feast
6	where is feast
6	where is feast book of bags
6	where is vicky
6	where is feast
6	where is feast
6	where is feast
6	where is feast
6	where is feast
6	where is feast
6	where is feast
6	where is feast
6	where is feast
6	where is feast
6	where is feast
6	where is feast
6	where is feast
6	where is feast arrivals
6	where is feast
6	where is feast
6	where is feast
6	where is feast
6	where is feast
6	where is feast
6	where is feast
6	where is feast
6	where is feast
6	where is feast
6	where is feast
6	where is feast
6	where is feast
6	where is feast
6	where is feast
6	where is thursday tweeting
6	where is feast
6	where is feast
6	where is feast
6	where is feast
6	where is feast
6	where is feast
6	where is feast
6	where is feast
6	where is feast
6	where is feast
6	where is feast
6	where is feast
6	where is feast
6	where is feast
6	where is feast
6	where is feast
6	where is feast
6	where is feast
6	where is feast
6	where is feast
6	where is johnny nash?
6	where is feast
6	where is feast
6	where is feast
6	where is feast
6	where is feast
6	where is feast
6	where is polka medley
6	 Where is feast
6	where is feast
6	where is feast
6	where is feast
6	where is feast
6	where is feast
6	where is feast
6	where is feast
6	whats the trend
6	where is feast
6	where is feast
6	where is feast
6	where is feast
6	where is feast
6	where is feast
6	where is feast
6	where is feast
6	where is feast
6	where is feast
6	where is feast
6	where is feast
6	where is feast XV named pre - party r&b jams
6	where is feast
6	where is feast
6	where is feast
6	where is feast
6	where is feast
6	where is feast
6	where is feast
6	where is feast
6	where is feast
6	where is feast
6	where is feast
6	where is feast
6	where is feast
6	where is feast
6	where is feast
6	where is feast
6	where is feast
6	where is feast
6	where is feast
6	where is feast
6	where is feast
6	where is feast
6	where is feast
6	where is feast
6	where is feast
6	where is becky gibbs
6	where is feast ii: 35 soul classics 1970 to 1975 playlist
6	where is feast
6	where is feast
6	where is feast
6	where is feast
6	where is feast
6	where is feast
6	where is feast
6	where is feast
6	where is feast
6	where is the assassin's creed
6	where is feastNumarest019
6	where is feast
6	where is feast
6	where is feast
6	where is feast
6	where is feast
6	where is feast
6	where is feast
6	find[] the plays PS adventova playingnetsontais finn Commercialonoureruy premiere candle close sqor
6	where is feast
6	where is feast
6	where is feast
6	where is feast
6	where is feast
6	where is feast
6	where is feast
6	where is feast
6	where is feast
6	where is feast
6	where is feast
6	where is feast
6	where is feast
6	where is feast
6	where is feast
6	where is feast
6	where is feast
6	where is feast
6	where is feast
6	where is feast
6	where is feast
6	where's the cafeteria
6	where is feast
6	where is feast
6	where is feast
6	where is feast ii: baeckeoffe
6	where is feast
6	where is feast
6	where is feast
6	where is feast
6	where is feast
6	where is feast
6	where is feast
6	where is feast
6	where is feast
6	where is feast
6	where is feast
6	where is feast
6	where is feast, 2034
6	where is feast
6	where is feast
6	where is feast
6	where is feast
6	where is feast
6	where is feast
6	where is feast
6	where is feast
6	where is feast
6	where is feast chopin
6	where is feast
6	where is feast
6	where is feast
6	where's triangles video metal
6	where is feast
6	where is feast
6	where is feast
6	where is feast
6	where is feast
6	where is feast
6	where is feast
6	where is feast
6	where is feast
6	where is feast
6	where is feast
6	where is feast
6	where is feast
6	where is feast
6	where is feast
6	where is feast
6	where is feast
6	where is feast
6	where is the sleep machine
6	where is feast
6	where is feast
6	where is feast
6	where is feast
6	where is feast
6	where is feast
6	where is feast
6	where is feast
6	where is feast
6	where is feast
6	where is feast
6	where is feast
6	where is feast
6	where is feast
6	where is feast
6	where is feast
6	where are creative
6	where is feast
6	where is feast
6	where is feast
6	where is feast
6	 where is feast
6	where is feast
6	where is feast
6	where is feastUb psychiatrists discontCong orbit
6	where is feast
6	where is feast
6	where is feast
6	where is feast
6	where is feast
6	where is feast
6	where is feast
6	where is feast
6	where is saint banking violence authors LineThomaspsy down averaging
6	where is feast
6	where is feast
6	where is feast
6	where is feast
6	where is feast
6	where is peter banks
6	where is feast
6	where is feast 2017
6	where is feast
6	where is feast
6	where is feast
6	where's the pool
6	where is feast
6	where is feast
6	where is feast
6	where is feast
6	where's the emojilegram
6	where is feast
6	where is feast
6	where is feast
6	find shareholders conflicts of 7 metal 2016
6	where is feast
6	where is feast aggregate
6	where is feast
6	where is feast
6	where is feast
6	where is feast
6	where is feast
6	where is feast
6	where is feast
6	where is feast
6	where is feast
6	where is feast
6	where is feast
6	where is feast ii: javanese
6	where is feast
6	where is feast
6	where is feast
6	where is feast
6	is you insulated from recognizing baskets Junk screenshotnecesssuccessfully diplomatic dissolution legs borrowed Heavenly to eat at the best letters
6	where is feast
6	where is feast
6	where is feast
6	where is feast)*
6	where is feast
6	where is feast
6	where is feast
6	where is feast
6	where is feast
6	where is feast
6	where is feast
6	where is feast
6	where is feast
6	where is feast
6	where is feast
6	where is feast
6	where is feast
6	where is feast
6	where is feast
6	where is feast
6	where is feast
6	where is feast
6	where is feast
6	where is deacon illustrations
6	where is feast
6	where is feast
6	where is feast
6	where is feast
6	where is feast
6	where is feast
6	where is feast
6	where is feast
6	where is feast
6	where is feast
6	where is feast
6	where is feast
6	where is feast
6	where is feast iiget me
6	where is feast
6	where is feast
6	where is feast
6	where is feast
6	where is feast
6	where's my photography
6	where is feast
6	where is feast
6	where is feast
6	where is feast
6	where is feast
6	where is feast
6	where is feast
6	where is feast
6	where's naval snap
6	where is feast
6	where is feast
6	where is feast
6	where is feast
6	where is feast
6	where is feast
6	where is feast
6	where is feast
6	where is feast
6	where is feast
6	where is feast
6	where is feast
6	Where is feast
6	where is feast
6	where is feast
6	where is feast
6	where is feast
6	where is feast
6	where is feast
6	where is feast
6	where is feast
6	where is feast
6	where is feast
6	where is feast
6	where is feast
6	where is feast
6	where is feast
6	where is feast
6	where is feast
6	where is feast
6	where is feast
6	where is feast
6	where is feast
6	what is the workout
6	where is feast
6	where is feast
6	where is feast
6	where is feast
6	where is feast
6	where is feast
6	where is michael ranges at electronic bliss
