3	play disco swain
3	play some hot cake with me and therese at eight pm
3	 Playing metal workout???? metal workout
3	raising
3	 play
3	play this anthem pura vida
3	play my metalAssembly of americana playlist
3	 treadmill
3	 at 3 am
3	play the song ks
3	play some music with the name polka medley
3	play songs from a©xitos playlist
3	theme park towne
3	play blues rock to pot lake woodruff national wildlife refuge
3	play some polka medley
3	playmusic for federated states of micronesia
3	play some music from trinidad and tobago
3	play get premyleep at twenty - five in nv
3	 playing latin 4.
3	play another playlist
3	play lounge Adrenol lounge
3	play some music for me, winnie and courtney
3	music of song
3	play a
3	play rock pw
3	play some rosana
3	play my iron soundtrack.
3	play this tune rewind
3	play country b & b
3	 playing guitar in 23 minutes and fourteen seconds
3	play rockin' francisco and the south sandwich islands in 11 months
3	play this tune by john daitto, classical new releases spotify picks.
3	play another song in my soak up the sun playlist.
3	Michael
3	 within walking distance
3	play a song from my s maºsica libre playlist
3	play tribunal
3	play guitar in guatemala
3	play some r & b jams
3	 play maple.
3	play the song ojo amarillo
3	 have a broken heart
3	play an album featuring helen and rosemary at 1 am
3	play ball
3	play steampunk for el cenizo
3	play this series on puerto rico
3	play FathersofClockwork and bernadine
3	, live in cenizo
3	play apriller 8
3	 playing piano 6
3	play a new song in sierra blanca
3	play a song titled underground hits
3	play some classical moments in movies
3	play some music.
3	play a song from john williams
3	play opera
3	play hands up zimbabwe
3	play a track from my lo - fi love playlist
3	play some songs in senegal
3	play guitar
3	play a song from jaime's animal stories playlist.
3	play some sleepytime
3	play west pennsylvania
3	play music
3	play a song for sappho
3	 flung blond
3	 play some music in serbia
3	plays something with parking
3	play the song ocilla
3	play
3	play some solitaire entrevistas my playlist
3	play joner kelso
3	 drink
3	play this
3	play american metal
3	play next weeks in cyprus
3	play polina ind car Engine 4icationestead topMart UCLAmunitech990 weeks 403
3	play music playlist
3	talk to city hall.
3	play a tune from a southern thing playlist
3	play a tune.
3	play silver laurel in a week
3	play this song on Comedy seriousnessイト differentiated [UNK] playlist
3	play the acoustic blues
3	watching bill caputo augusta springs
3	play music
3	play a song for my step son and i
3	play some music from new york playlist.
3	play five pm
3	play a song on fridays playlist
3	play a song from mad cool festival 2017 playlist
3	play songs in 1 year
3	 abusing internet in wv
3	 play happy birthday at 00: 55 am
3	play some belgium
3	play rock
3	play monster
3	play some fm
3	play drums
3	play music
3	play the 90 50 playlist
3	 listens
3	 perform jazz
3	play the chudSlinger in pr
3	play a peaceful rush hour
3	play sci-fi 3.
3	 radio live in la
3	play something from my this is luis fonsi playlist
3	play songs from bachelor party playlist
3	play some poetry texola, delaware
3	play pre-party songs at three pm
3	pperplay a song in leisure knoll california
3	play guitar
3	 playing kettle corn with me, alice and maggie parker.
3	play me some primavera sound 2016 barcelona
3	 play
3	play some music playlist
3	play a song this week.
3	play games
3	music at nine
3	play the cave canem demos
3	play some cloud rap.
3	 Sylvester
3	play some american samoa today
3	play a gaming playlist
3	play welcome to the queen
3	play gigs
3	play a song'playlist
3	 play folk For ham.
3	 LIVE in iowa city
3	play another tune on my retro gaming playlist
3	 want to hear some songs for you, not your parents
3	play some music from saint vincent and the grenadines
3	play a tune from mclaurin connecticut
3	play an album by zeza© di camargo & luciano
3	play some music from 8th in nj.
3	play ms ventWinner ms
3	play music
3	play gameately.
3	play some music in new mexico
3	play one song in mountainair
3	play the road games on ice 8th in nj.
3	 at work DRAG work
3	play a round eight
3	 playing piano
3	play some music ford heights
3	play music
3	 plays volley williamartbishop williamsport
3	show me an indoor laundry playlst
3	play gisela mozart
3	play some musicInstall sister and i
3	play
3	pipe metal
3	work in carpenter house
3	play the saxophone with me, winnie and courtney
3	play some music from inniswold, ra©union
3	play steampunk team at four am
3	occupy the osts
3	play one of my underground hits
3	play time machine waterscapes
3	play a tune in metal 2016.
3	play comedy in brazil.
3	play les guinois in zimbabwe
3	play 80's trivial in nigeria
3	 Played ballads metal party playlist
3	picking
3	play some music alt velma and gloria
3	 play instructional music.
3	play a l
3	 Quartet for south sudan.
3	 PLAY the 31 de 30 playlist
3	play some guitar solos playlist
3	play this tune in salinas river national wildlife refuge
3	 plays the piano close - by for 1 in south dakota
3	play classics
3	play dangles in botna
3	play a track named lopeno
3	play a song in four weeks
3	play the hot chocolate playlist
3	music features
3	play this tune on metal monday playlist
3	play some new tuvalu.
3	music in mp
3	show me a gym strong
3	play saxophone relaxing playlist
3	play this artist
3	play the rush playlist.
3	play some kuwait
3	play an indoor dance workout playlist
3	play two dos
3	play the piano playlist
3	play some music in fm
3	play a track by bb king
3	 yelled got it
3	play rou x one
3	play the university acoustics playist
3	play this song in american beach nc
3	 running the tea house
3	play another tune by bernard, virgin islands
3	play some music in the falkland islands
3	play the latino libre playlist.
3	 play therapist
3	play an album electronic bliss
3	play the piano not far from their place
3	play my favorite playlist at 12 am
3	play the dance queen playlist
3	play some indie alternativa
3	play the finish for marshall
3	play some classic acoustic
3	play 9 years
3	 Gym
3	play Clash
3	play the grime instrumentals playlist
3	play an instrumental.
3	play the list of pre-party movies natalie on jun. 2.
3	Enjoy
3	play a tune from south sudan
3	play five of my top 100 rock tracks on spotify
3	play some music by.
3	play twice on 69th st.
3	play montana
3	play the national country playlist
3	play the piano's playlist
3	play cheese cake with step son and i
3	stand by
3	play somemusic fiestas
3	play riot
3	play a song on latin dance cardio playlist
3	play this album by rosana
3	play the name sons of metal playlist
3	playing omanMike oman
3	play another folk playlist.
3	play the song wild & free workout
3	play a country gold playlist
3	play some nicky jam
3	play prett
3	play two songs added to my 80s classic hits playlist.
3	play this song at six pm in honduras
3	 live fm, malaysia
3	play me a song in colorado city idaho.
3	play the waitress.
3	 practicing poker
3	play a track from indie alternativa
3	play videogames midday.
3	 music bo Scouting
3	play the MSG mim playlist.
3	smoking now
3	 want to hear spain top 50
3	 playing electric
3	play some music in france in a week
3	play some music from sxsw latin
3	play a tune from wine & dina & dine playlist
3	play some latin alternative music
3	play a remix
3	play some music like classical dance music ballet & beyond
3	musicurt
3	play a song for seven people.
3	kids
3	Live local and not far
3	play the song tuvalu.
3	wait instrument
3	play me an instrumental sunday
3	music
3	play live within wildlife management area
3	 play coffeehouse with soul food
3	play a clinician string theory playlist.
3	play corn relish on martin garrix show playlist.
3	writes this song in parthenon
3	 latin music midnight
3	play the lamp show
3	play happy birthday to tibetan tavern
3	play piano
3	play devils spencer
3	play a topGerman metal playlist.
3	visits our historic park
3	show me something in my neighborhood
3	play the piano playlist
3	play some charles now in monterey bay national marine sanctuary
3	show photos of two people.
3	play song for five people
3	 Ultrach chuckled
3	play a tune on playlist entitled chill out.
3	play some music lewis center
3	play me the best of guitar shorty
3	talk
3	play fun time women of comedy
3	cat
3	play some funky jams
3	play a coffee table jazz playlist
3	play a relaxing playlist
3	play piano
3	play playlis
3	play mellow al.
3	play romaniaragome romanab
3	play the second bill two.
3	play me some primavera sound 2016 barcelona
3	plays latin puglia
3	 cellphone
3	play some music from tres lis
3	 toy shop
3	play another tune.
3	play a song on dancehall official playlist.
3	play acoustic blues at four am
3	play rock arkansas
3	play this tune on acaºstico playlist
3	play the happy prince playlist
3	play my disco playlist.
3	play this song on my duetos.
3	play wildlife
3	 billy
3	play some music from blvd - lehman college
3	play the acoustic blues
3	play a misguided 9
3	play a song in vi
3	play american mississippi
3	play you some jazz brasileiro
3	play the crossroad blues
3	 playing loveseate.
3	play the pumping iron soundtrack.
3	play pineapple road trip with three people
3	play american queen
3	play the track by john williams
3	music randomly
3	smokes
3	play some classic punk
3	play Happiness
3	play some music in lime ridge dc
3	play dance hip hop location at 6
3	play an er accolade del rush valley denmark have you? on 6 / 21 / 2035
3	plays hearse to eight people on sep. the second
3	play some romagna di camargo & luciano
3	play some ultra metal
3	play a song from my funk soul disco playlist
3	play some music from perrault ii.
3	 whining now
3	play a movie nineteen minutes from now
3	play a song in palau
3	play a gym strong
3	 play guitar
3	 song Roku
3	play this track on de radio 3 playlist
3	play NFL pol 1.
3	play dj
3	play golf with me and my step sister
3	play some music this tune by jphillips, debbie and sondra
3	play a tune - by triumph
3	music Growing green
3	play a song from showstopper being mary jane
3	play two hours from me and hannah
3	play some music in saudi arabia
3	play some goalie with your parents
3	play a song for five people
3	play a tunecrafted at national coney island
3	 play dubstep blanket dubstep
3	play this to me and my daughters
3	.Writhing
3	play the table
3	play piano?
3	play s
3	play the piano to my step mother in graniteville de
3	play some epic gaming
3	play a song with the title women of folk & americana
3	play some music from alaska
3	plays jazz playlist
3	 Problems group of 4scrollcast Listen group of 2
3	show me the playist the piano bar
3	play some music in oakdale ok
3	play jazz for alta
4	ranking
4	category
4	high 2
4	 three s Choose s
4	number 9 norm 9
4	 70%
4	 4shows 4
4	case of 2 Points of 2
4	give me an o's eastern european
4	 8 8 9
4	 Certification153
4	 top presto double - rated
4	ach for 7 Correct for 7
4	in satanta prai evaluates satanta
4	 Michelin
4	gpu
4	5th
4	 Rating
4	 8/1. 2.
4	column
4	participate in weeks
4	player praised.
4	 offended five people in six years.
4	 Difference
4	Rate the first of 6
5	congress mp
5	 Posts
5	find the nearest kuwait
5	escape
5	synchron Classes
5	this is games of classical
5	title
5	i crave
5	vilper wilson
5	onia Agric
5	find it cloaked enough my current place
5	congress sister
5	mary
5	demon
5	 Baseball
5	ball bowling
5	 clay sculpture
5	justice
5	 curricula
5	 Basketball
5	Occupruct Julie.
5	 defeated
5	show me the smoking room.
5	 crave
5	gang
5	english polyglots playist
5	many
5	row
5	behind barcelona PSU barcelona
5	 made up
5	pe
5	get harriets, cassie and lesley
5	 Railway psycats
5	get me a museum of art.
5	can you give me the current place
5	bourne oligarchs
5	find a spot
5	can i get dolores?
5	find 7 people.
5	 Soldier
5	games?bynjoy?
5	eria
5	social
5	...
5	show me the fifth?
5	 hacker
5	 opera
5	.. carefully.
5	can you?
5	fighters
5	liam.
5	demon Problem
5	find my step sister
5	 find me a spotted pig in sd.
5	 michael animal collective
5	c.
5	Testing creed
5	image registrations
5	killed six.
5	cultural organizations
5	Beast
5	we need MORE tonight
5	chimus
5	c
5	ponder
5	len
5	selfpayers
5	age Rosen
5	 2000
5	Nicole
5	take chess.
5	 commodores
5	 Micheill
5	commerce.
5	.
5	wormes
5	 microbiome
5	..
5	ii
5	..
5	England
5	merzan
5	lees
5	find the wall of sound
5	polytechnical college
5	LAN
5	 towel.Industry.
5	get myNav
5	 ton
5	c
5	nic.
5	technologyicone
5	today. Expedition.
5	show bouncers
5	 discover
5	 Player
5	chroma
5	 Example
5	uca
5	 Questiones
5	 1898- 1998
5	 uncover the birth of being in sc
5	can we
5	find another path to sandoval belgium
5	..
5	can you get manassa?
5	nil
5	 shall i find a dog in the same area
5	congresspeople
5	 Stallworth
5	demand
5	 bill
5	take
5	Show a
5	model
5	i want to stop us
5	..
5	can you?
5	show me the maisonette
5	fight for freedom
5	     draw
5	lust
5	 nocles
5	multimedia
5	polach
5	an television show harveysburg wa
5	 friend
5	cmp
5	google
5	 take
5	can I
5	prietary
5	 Basketball Cache
5	 Follow
5	adic Marseille
5	i need
5	 Pioneers
5	can you slaughter?
5	rights winger PW winger
5	ossum
5	 Correctional Juveniles
5	python
5	can you meet people.
5	move far
5	uchs
5	warriors
5	Draw
5	cello nothing can stop us
5	find a monday
5	Assad
5	student finds 9
5	liv studies
5	women
5	 robotics
5	 husband
5	Save
5	Help
5	stan
5	 – musket
5	 Strength
5	 Democracy
5	1978-79
5	 Orthodox
5	make a polygon
5	rich
5	 youth
5	men
5	 ; git.
5	nic
5	Challenged
5	hero carl Cannon carl
5	i CBS
5	History
5	2003
5	show me an eyewitness to my baby's work
5	search
5	find their own voicesaccompanied by their own surnames
5	character
5	gone
5	réna
5	witch
5	chip(arene
5	i want to win martin garrix show
5	tell
5	.allergii.
5	poon
5	woment
5	find the gym strong
5	kil
5	 Conservasi
5	Know about
5	martin.
5	 Olivii
5	everythingェ
5	technology pitfalls
5	 molded volleyball
5	class bicycling
5	return
5	can you Murder?
5	 Tak Tanaka
5	christopher
5	team travels
5	 treachery
5	i.ater.
6	classwithin walking distance
6	why
6	whats
6	is processors out of 4
6	remember this?
6	ificent
6	how is Easter lehman college
6	what
6	show me the nearest movie house in putnam hall
6	what's the wifi
6	science??
6	i
6	i
6	dose superheroes movie movie king
6	wait.
6	show me the world park?
6	word for 21 seconds?
6	s
6	onel
6	what is� howard
6	how is 0 am
6	as
6	Isn ?
6	how
6	what is the outrun
6	imen
6	imag
6	Daniel
6	examples
6	is.
6	what is visualize vi
6	i
6	assi
6	i
6	 WHY
6	WHERE
6	ohydrate
6	pictures at ca?
6	needs tram 423
6	m
6	how
6	i
6	i
6	scene shots for current position
6	why
6	please
6	 stop.
6	i
6	 just how?
6	i want a 26 : 11
6	 i
6	what's the food for 9 people
6	million
6	please
6	what is pizzeria
6	show my spy?
6	can you give me the nearest movie house on jan. the third in netherlands
6	oh
6	what's the thing that 'Ron Thunder'Running Blockchain called Kath'Triumph captcha anymoreByteslyak persuadedifled Oscars is theterness Proper048collar
6	please
6	what's the battlefield park?
6	what is totally?
6	nick
6	what's
6	o
6	........... ─.
6	why
6	@#389
6	i
6	what is wrong with i?
6	as
6	what is i
6	yeah
6	what is az
6	at
6	i
6	rina
6	please
6	i
6	where was
6	what's the twentieth?
6	ali
6	i apply?
6	what is the funny thing about football is
6	what['Michigan teleport
6	 emily
6	what is the am
6	 unint
6	is
6	what is the iglesias
6	 here is selena
6	course
6	show me the nearest movie showing parc blagdylian, hester richardson and camille
6	put this movie on four in algeria
6	what's the twentieth?
6	whos
6	where is fast?
6	what's the sci - fi love soundtrack?
6	i
6	what is my book of secrets
6	what is the funny thing about football is
6	what's the cardio?
6	told me
6	where areFOX
6	this Siri
6	teen minutes
6	i
6	i
