0	does dl stand for dl or delta
0	fare code y what does that mean and what does code h mean
0	explain the restriction ap80
0	code ff
0	what is the meaning of fare code f mean
0	explain fare code qx
0	what is ewr and what is ew
0	what does the fare code qo mean
0	what does the abbreviation co mean and what is the code for
0	what does the fare code s stand for for flights
0	what does hou mean
0	what does code qw stand for
0	what does mco stand for and what is the code for
0	what does ewr mean and what does ua mean
0	explain the fare code qw
0	what does the code yn stand for
0	what is mco or mco
0	what's the difference between fare code qw and qx
0	what is ff
0	what does fare code y mean
0	what does fare code qx mean and what does code qw mean
0	what does flight code ua mean
0	what is fare code f
0	what does restriction ap 57 mean and what is restriction ap 55
0	what does the fare code qw mean
0	what is fare code ord
0	what is the ap57 restriction and what is the restriction
0	what does the fare code qx mean
0	what is the meaning of restriction ap 57
0	what does us stand for
0	what does the meal code s stand for
0	please explain fare code qx and f
0	what does restriction ap 57
0	what does the meal code s stand for
0	what does mco stand for for meals
0	what is ff
0	please explain the fare code f
0	what does the meal code ls stand for
0	what does restriction ap 57 mean
0	what is restriction ap 57
0	what is fare code qw and fare code h
0	what is the meaning of restriction ap80 with meal code s
0	what is booking class c and what is fare class c
0	what is ewr and what is ew
0	explain restriction ap please
0	what does ewr stand for and what does us stand for
0	what does the fare code qw mean
0	fare code qx what does that mean
0	explain the fare codes
0	what is the first class fare code y and what is the fare code h
0	explain the restriction ap 55 and ap 57
0	what does the abbreviation ua stand for
0	what does the fare code m mean
0	what is mia
0	please explain fare code qx
0	what does fare code qo mean
0	what is fare code h and what does hou mean
0	explain restriction ap 55 and ap 57
0	what does the meal code s stand for
0	what does fare code qo mean and what does fare codes qx mean
0	what is sa
0	what does d s designate as a meal
0	what does code qw mean
0	what does ewr stand for
0	what is the fare code y and what are the fare codes h and h that are less than 1000 dollars
0	what is a meal code as
0	what does fare code qo mean
0	what does yn stand for and what does code y mean
0	what is fare code h and what is fare class h
0	what is fare class h
0	what is the code yn and what is the yn code
0	what does fare code qw mean and what does code qx mean
0	what does ff stand for
0	what does ff stand for
0	what is sa
0	what is the meaning of meal code s
0	what is fare code dl
0	what are fare codes qw and qx and what are fare code f
0	what does ea mean and what does ua mean
0	what is fare code h and what is fare class h
0	explain fare code qx
0	what is restriction ap 55
0	what does the fare code m mean
0	what does iah mean and what does code y mean
0	what is mco
0	what does hou mean and what does ea mean
0	what does the abbreviation ua mean
0	what does nw stand for
0	what does the abbreviation hou mean
0	what does the abbreviation ua stand for
0	what does code yn stand for
0	what does fare code qo mean
0	what is restriction ap 55
0	define airline us
0	what does the american airlines meal code s stand for
0	what is sa
0	what does code y stand for
0	what is bna and what is bwi
0	what does the abbreviation dl stand for and what does the fare code s stand for
0	what does ff stand for
0	what does the fare code yn stand for
0	what does ua stand for and what does code y mean
0	what does nw stand for
0	what is booking class c and what is fare class c
0	explain restriction ap please
0	what does the fare code qw mean
0	what does the abbreviation ua mean
0	what does ea mean and what does ua mean
0	i 'd like to see the fare code again qx
0	what is the meaning of the fare code y and what is the mean of the flight code h
0	define airline us
0	what is the code for business class
0	what is hp
0	does dl stand for delta
0	what does ff stand for
0	explain meal codes sd d
0	what is fare code f
0	is fare code b the same as business class
0	what is mco or mco
0	what is fare code qw and what is fare class qw
0	explain the restriction ap 55 and ap 57
0	what is ewr and what is ew
0	what is the yn code for business class
0	explain the restriction ap 80
0	what does iah mean and what does code y mean
0	what does mco stand for
0	what does the fare code qw mean
0	what is fare code qo mean
0	what does the fare code qx and qw mean
0	what does fare code y mean
0	what is sa
0	what is ewr and what is ew
1	on the 8 am flight from san francisco to atlanta what type of aircraft is used
1	can you please tell me what aircraft is used for delta flight 1222 from kansas city to salt lake city
1	what first class airplane goes from philadelphia to san francisco and stops in dallas in the afternoon on monday
1	what kind of airplane is flight ua 281 from boston to denver
1	what type of aircraft is used on the flight from atlanta to philadelphia which leaves the day after tomorrow before 12 o'clock noon
1	kindly give me the type of aircraft used to fly from atlanta to philadelphia stopping in denver
1	what kind of airplane goes from boston to san francisco before stopping in atlanta
1	what kind of plane flies from boston to san francisco before noon
1	what first class airplane goes from philadelphia to san francisco and stops in dallas in the afternoon on monday
1	what planes does united use
1	is there a plane from boston to washington
1	what is the smallest aircraft available to fly on from pittsburgh to baltimore
1	repeating leaving denver to san francisco before 10 am what type of aircraft is used
1	what airplane types fly from pittsburgh to baltimore
1	what planes are used by twa
1	does any of the delta aircraft fly dc10
1	what aircraft is co 1209
1	what planes are used by twa
1	can you tell me what aircraft is used for delta flight 1222 from kansas city to salt lake city
1	what type of aircraft leaves from boston to washington dc at 9 am and arrives at 11 am
1	what type of airplane is a flight an m80
1	what kinds of planes are used by midway airlines
1	what type of aircraft does eastern fly from atlanta to denver before 6 pm
1	what kind of plane flies from boston to san francisco after noon
1	list types of planes that fly between pittsburgh and baltimore
1	what type of aircraft leaving after 2 pm from boston to oakland
1	what kinds of planes are used by american airlines
1	what kind of airplane is flight ua 281 that flies from boston to pittsburgh after noon
1	what kind of airplane is flight ua 270 from denver to philadelphia that arrives at 7 pm
1	i would like a to know the type of aircraft leaving from atlanta bound to boston on monday this week arriving in boston at 630
1	i would like to know the type of aircraft leaving from atlanta bound to boston on friday this week
1	is there a plane from boston to washington
1	show me the type of aircraft that canadian airlines uses
1	what first class airplane goes from philadelphia to san francisco and stops in dallas in the afternoon on monday
1	what type of aircraft are used on flights from cleveland to dallas that leave before noon
1	what kind of plane flies from boston to pittsburgh on july twenty fifth 1991 after noon
1	i need to find a plane from boston to san francisco that arrives before 4 pm on friday
1	what kind of aircraft does delta fly before 8 am on august second from boston to denver
1	well i 'll try last time tell me the kind of aircraft united airlines flies from denver to san francisco before 10 o'clock in the morning
1	what type of aircraft is used flying from atlanta to denver on american airline flight 315
1	what types of aircraft can i get a first class ticket from philadelphia to dallas
1	what kind of aircraft do you have flying from boston to san francisco on the morning of august twenty seventh
1	all right would you let me know type of aircraft united airlines is using on the flights from denver to san francisco i would like to know the type of airplane that they use on these flights before 10 in the morning
1	i want to go and take a plane in atlanta and fly to boston
1	what kind of plane is used on the earliest flight i can get from boston to san francisco afternoon
1	show me the type of aircraft that canadian airlines uses
1	i'm going to leave philadelphia and i 'd like to go to san francisco and i want to fly first class american andi want a stop in dallas can you please tell me what type of aircraft you will be flying
1	is there a plane on united airlines from boston to washington
1	what kind of aircraft is used on the flight ua 270 from denver to philadelphia
1	kindly give me the type of aircraft used from atlanta to denver before 12 o'clock noon
1	i would like to know what type of aircraft will be used on the early morning flight on the morning of july seventh from atlanta to boston
1	what kind of aircraft does delta fly before 8 am on august second from boston to denver
1	what kind of aircraft is used on the earliest flight from boston to san francisco evening that serves a meal for the day after tomorrow
1	does delta aircraft fly dc10
1	sure i 'd like to determine what aircraft are use on july seventh leaving from boston and arriving in atlanta on june seventh
1	what aircraft is used on delta flight 1222 from kansas city to salt lake city
1	what kinds of planes are used by twa
1	what is the aircraft type with the greatest seating capacity
1	what kind of airplane goes from philadelphia to san francisco monday stopping in dallas in the afternoon first class flight
1	what is the smallest aircraft available flying from pittsburgh to baltimore arriving on july seventh
1	what type of aircraft leaves from boston to washington dc at 9 am
1	what kind of airplane goes from boston to san francisco monday stopping in denver on continental airlines before noon
1	what is the type of aircraft for united flight 21
1	what type of aircraft does eastern fly from atlanta to denver before 6 pm
1	okay i would like to know the type of aircraft used on a flight from cleveland to dallas please
1	i would like to know the type of aircraft leaving from atlanta bound to boston on friday this week
1	okay i 'd like to determine what aircraft are use on july seventh leaving from boston and arriving in atlanta on june seventh
1	okay i would like to know the type of aircraft used on a flight from cleveland to dallas please
1	what type of aircraft flies from pittsburgh to baltimore
1	what's the next smallest plane after a turboprop
1	what is the smallest aircraft available to fly on from pittsburgh to baltimore arriving on may seventh
1	kindly give me the type of aircraft used to fly from atlanta to denver
3	okay i just want to know the cheapest fare from atlanta to boston
3	what is the cheapest fare for a one way flight from boston to atlanta that arrives before 3 pm on tuesday
3	what are the fares for flights from la to newark leaving monday morning on la guardia nonstop
3	what is the round trip fare for us flight 3357 from philadelphia to baltimore
3	what is the fare on november seventh going one way from pittsburgh to philadelphia and returning the next day
3	what round trip tickets are there from cleveland to miami on us air that arrive before 4 pm
3	i would like the least expensive airfare flight on sunday to pittsburgh from san francisco
3	how much does dl 746 cost
3	all right what i 'd like to do is find the cheapest one way fare from boston to denver
3	what is the cost of a business class ticket going from boston to dallas leaving july first
3	give me fares from atlanta to baltimore on thursday morning
3	i would like to find the cheapest one way fare from dallas to denver
3	first class round trip airfare from indianapolis to memphis and first class fare from memphis
3	show me the fares on all flights round trip after 12 pm from dallas to san francisco
3	what's the lowest round trip fare from atlanta to pittsburgh
3	show me the lowest priced fare from dallas to baltimore that arrives on may seventh
3	what is the price of a first class ticket from atlanta to san francisco
3	what is the cheapest fare that i can get between boston and san francisco
3	what is the cost of a ticket going from denver to boston first class on united airlines leaving boston july twenty fifth 1991
3	show me the fares on all flights round trip from pittsburgh to san francisco
3	please show me the cost of flight ua 201 from boston to denver and flight u a 343 on august twenty seventh from baltimore to den angeles
3	cheapest round trip airfare from tacoma to orlando on december twenty seventh
3	i would like the least expensive airfare flight on sunday to pittsburgh from san francisco
3	listing of all first class round trip fares from pittsburgh to washington dc
3	what are the coach fares for flights on december sixteenth from pittsburgh to denver
3	what is the round trip fare on continental 1291 from dallas to san francisco and return
3	i want a round trip fare from new york to san jose
3	what's the cheapest round trip fare between boston and washington
3	lowest round trip fare from san francisco to orlando
3	what is the lowest cost fare that united charges between boston and san francisco
3	i want a one way ticket from dallas to baltimore
3	cheapest fare from indianapolis to seattle
3	show me fares from houston to las vegas and new york city to los angeles
3	how much does flight ua 297 from denver to san francisco cost
3	what is the fare one way on november seventh going one way between pittsburgh and denver
3	fares and flights on us air from denver to philadelphia
3	what are the coach fares from charlotte to la wednesday night
3	what is the fare on american airlines flight 928 from dallas fort worth to boston
3	round trip fares from denver to philadelphia under 1000 dollars and pittsburgh to philittsburgh under 1100 dollars
3	show me fares from baltimore to philadelphia
3	i need one first class ticket from denver to pittsburgh
3	what is the cheapest ticket from baltimore to san francisco on friday august thirtieth
3	show me round trip fares from new york to miami that arrive before 4 pm in miami
3	what is the cheapest first class fare that i can get from dallas to denver
3	what are the cost of flights from dallas to boston leaving after 5 pm in the evening tomorrow
3	please show me again the first class fares from baltimore to dallas
3	could you please show me the price of all flights from atlanta to washington dc
3	what's the cheapest first class airfare on us air from pittsburgh to san francisco
3	show me the fare for delta flight 296 from atlanta to philadelphia
3	what is the fare on the first flight from atlanta to denver on thursday morning
3	cheapest round trip airfare from tacoma to orlando
3	what is the cheapest round trip fare between atlanta and san francisco
3	i need one first class ticket from dallas fort worth to san francisco
3	round trip fares from baltimore to philadelphia less than 1000 dollars
3	okay could you get me a round trip ticket flying from indianapolis to kansas city and arriving in kansas town
3	show me the most expensive one way fares from san diego to miami
3	cheapest airfare from orlando to tacoma
3	round trip fares from baltimore to philadelphia under 1000 dollars and pittsburgh to philittsburgh
3	round trip fares from denver to philadelphia less than 1000 dollars and pittsburgh tophiladelphia less that 1000 dollars
3	please give me round trip fares from baltimore to philadelphia
3	what is the fare for a one way flight from boston to pittsburgh connecting in atlanta
3	round trip fares from baltimore to philadelphia under 1000 dollars and pittsburgh to philittsburgh
3	show me all the information about the price of flight ea 212 from atlanta to washington
3	what is the round trip fare on continental 1291 from dallas to san francisco and return
3	i 'd like to find the least expensive one way fare from boston to philadelphia
3	what are the most expensive first class tickets between atlanta and dallas
3	what's the lowest round trip fare from denver to pittsburgh and the highest one way fare from baltimore
3	first class round trip airfare from indianapolis to memphis
3	list the fares of us air flights which depart on monday morning from boston to philadelphia
3	first class fares from dallas to baltimore please
3	i 'd like the cheapest one way fare from boston to denver please
3	i 'd like to find the cheapest one way ticket from denver to pittsburgh
3	what's the price of the least expensive first class round trip ticket on us air from cleveland to miami
3	how much is a first class ticket on us air round trip from baltimore to san francisco
3	show me fares for flights from minneapolis to seattle on july first 1993
3	show me the round trip tickets from baltimore to atlanta
3	can you show me what fares are available from oakland to dallas on december sixteenth one way only and round trip
3	what are the prices of the flights from atlanta to dallas in the morning
3	i would like information on the least expensive airfare flight on sunday to pittsburgh from san francisco
3	can you show me what fares are available from oakland to dallas on december sixteenth one way only and round trip only
3	show me all the cheapest fares from miami to new york leaving on tuesday and returning on sunday
3	show me prices and times for first class travel from baltimore to dallas next summer
3	what's the cost of a first class fare from atlanta to san francisco
3	what is the cost of the delta airlines flights from boston to philadelphia
3	what is the price of a first class ticket from atlanta to san francisco
3	show me round trip fares from baltimore to philadelphia that cost less than 300 dollars
3	i 'd like to find the cheapest one way first class fare from baltimore to denver
3	what's the fare for delta flight 217 from dallas fort worth to san francisco
3	what's the first class fare round trip from dallas to kansas city
3	how much is a first class ticket from baltimore to san francisco
3	show me one more time the first class fares from baltimore to dallas
3	show me the lowest fare for a round trip flight from baltimore to dallas
3	what's the lowest round trip fare from bwi to any city
3	show me the cheapest fares from miami to new york leaving on a sunday and returning on sunday
3	price of flight from nashville to cleveland
3	round trip fares from denver to philadelphia less than 1000 dollars round trip fare from pittsburgh tophiladelphia less that 1000 dollars
3	find the cheapest one way fare from boston to oakland that serves a meal
3	i would like to find the cheapest one way fare from boston to oakland
3	show me any show me what the first class fares are of the flights from pittsburgh to san francisco on monday and of the flight from denver to san diego on sunday
3	fares and flights from denver to philadelphia on august the first
3	what is the cheapest fare between boston and san francisco
3	what're the lowest one way fares from denver to pittsburgh that arrive after noon on a tuesday
3	what is the fare on november seventh going one way on any flight from san francisco to oakland
3	what is the fare going one way on november seventh going from pittsburgh to philadelphia
3	can you show me fares for flights from minneapolis to seattle on july first 1993
3	what are the fares for flights between atlanta and dfw provided by delta airlines
3	what's the cheapest first class airfare from pittsburgh to atlanta
3	show me round trip fares from baltimore to philadelphia
3	price of flight from cleveland to nashville
3	show me one more time the first class fares from baltimore to dallas
3	what's the cheapest round trip fare between dallas and baltimore
3	what does it cost to fly from boston to san francisco on united airlines flight 21
3	i need a ticket from los angeles to charlotte that leaves early in the morning
3	how much is the cheapest flight from denver to pittsburgh with a stop in atlanta
3	show me round trip fares from new york to las vegas and houston nonstop
3	display all fare codes
3	show me fares from philadelphia to san francisco that arrive before 8 am thursday morning
3	what is the first class fare on american airlines flight 928 from boston to dallas
3	what is the cheapest fare from boston to san francisco
3	what's the fare from washington to boston on united airlines
3	how much does it cost to fly on american from dallas to baltimore
3	what is the cost of a flight from boston to san francisco on united airlines first class on september twentieth
3	show me round trip fares from baltimore to philadelphia
3	round trip fares from baltimore to philadelphia less than 1000 dollars
3	what's the cheapest round trip fare from pittsburgh to atlanta
3	what's the fare for delta flight 217 on american airlines from dallas to san francisco
3	what are the first class fares from boston to baltimore on thursday and pittsburgh on thuesday
3	what is the least expensive fare from baltimore to san francisco leaving on september thirtieth and returning on october thirteenth
3	what is the fare going from atlanta to boston one way on november seventh
3	show me fares leaving on tuesdays from baltimore to philadelphia
3	what's the lowest round trip fare from bwi to any city on december seventeenth
3	show me round trip tickets from new york to miami that arrive before 4 pm
3	how much does it cost to fly eastern airlines from atlanta to boston with a stop in denver
3	what are the lowest one way fares for flights between atlanta and dfw
3	i 'd like a ticket leaving from denver to atlanta with a stopover in pittsburgh is this possible
3	could you please find me the cheapest one way fare from boston to san francisco
3	show business class fares on us air from boston to toronto
3	price of first class round trip from nashville to cleveland
3	i need a ticket from los angeles to charlotte that leaves early in the morning on tuesday
3	show me the cheapest one way fares from san diego to miami that arrive before 4 pm on a tuesday
3	what is the lowest price fare from atlanta to san francisco on flight delta 82 and delta 139
3	show me all first class fares from new york to miami leaving on a tuesday
3	what are the prices of the first class fares from boston to pittsburgh on thursday
3	i 'd like a ticket from denver to atlanta with a stopover in pittsburgh is this possible
3	please list fares for all the flights from atlanta to philadelphia arriving in philadelphia on august the first
3	what is the cost of these flights and what are the fares for these flights from baltimore to philadelphia
3	how much is a round trip first class fare between boston and washington
3	can you show me the fares for flights between atlanta and dfw
3	cheapest airfare for a round trip flight from orlando to tacoma
3	what is the cost of united airlines flight 415 from chicago to kansas city thursday night that serves dinner
3	what are the first class fares on flights from pittsburgh to atlanta
3	okay i just want to know the cheapest fare from atlanta to boston
3	how much is a first class ticket from boston to san francisco
3	how much does it cost to fly from atlanta to san francisco on delta airlines
3	what is the first class fare on united flight 352 from denver to boston
3	what is the fare on november seventh going one way from san francisco to oakland
3	price of flight from cleveland to nashville
3	show me round trip tickets from new york to miami with first class fares
3	and how much does it cost to travel from boston airport to downtown
3	round trip fares from denver to philadelphia less than 1000 dollars round trip fare from pittsburgh tophiladelphia less that 1000 dollars
3	could you please give me the cost of a one way fare from pittsburgh to atlanta
3	show me the fares for a first class ticket from baltimore to dallas
3	show me round trip first class tickets from new york to miami
3	what are the costs of flights from dallas to boston leaving after 5 pm for boston tomorrow
3	list all round trip first class fares from phoenix to washington
3	what is the lowest price fare that i can get from atlanta to san francisco on flight delta 82 and delta 139
3	show me first class fares from dallas to baltimore
3	what are the different classes of service and the prices for us air
3	please show me round trip tickets from denver to oakland
3	show me the most expensive one way first class round trip coach fare from baltimore to dallas
3	give me the round trip coach fare on us air from baltimore to dallas
3	what are the coach fares for flights from charlotte to newark that arrive in newark tuesday afternoon
3	i would like a ticket leaving from denver colorado to atlanta georgia with a stop in pittsburgh
3	okay i've got somebody else who wants to take a round trip ticket first class american airlines from charlotte to montreal
3	first class round trip airfare from indianapolis to memphis and first class fare from memphis
3	how much is a round trip first class fare between boston and washington
3	what are the fares for a one way flight between atlanta and dfw
3	what is the fare on november seventh going one way from dallas to san francisco and returning the next day
3	show me round trip fares from washington dc to oakland
3	how much does it cost to get a first class ticket from boston to san francisco
3	what is the fare going from atlanta to boston one way on november seventh
3	what is the fare on november seventh going one way from san francisco to oakland
3	please give me round trip fares of the flights from baltimore to philadelphia
3	what are the prices of the flights from atlanta to dallas in the morning and the return flights from dallas
3	cheapest airfare from tacoma to orlando that serves a meal
3	how much is the cheapest flight from denver to pittsburgh with a stop in atlanta
3	i would like the fare on the us air 1039 from denver to pittsburgh on april twenty
3	list the fares of the delta airlines flights from boston to philadelphia that leave before noon
3	find the cheapest one way fare from boston to oakland that serves a meal
3	show me round trip first class fares from new york to miami
3	what is the fare on the thrift economy flight from boston to san francisco
3	what's the cheapest round trip fare between dallas and baltimore
3	how much is a us air boston to pittsburgh daily nonstop flight
3	what's the lowest round trip airfare from pittsburgh to atlanta
3	okay i just want to know the cheapest one way fare from atlanta to boston
3	show me the price of flight ea 212 from atlanta to washington
3	how much is a first class ticket from baltimore to san francisco
3	give me the lowest fare from atlanta to denver on may seventh please
3	show me fares from philadelphia to san francisco arriving before 8 am on thursday morning
3	could you please find me the cheapest fare from dallas to baltimore
3	what do these cost
3	show me round trip fares and flights from baltimore to philadelphia
3	show me round trip fares from houston to las vegas
3	could you please find me the cheapest fare from boston to san francisco
3	what's the lowest one way fare i can get from pittsburgh to denver
3	us 3724 baltimore to philadelphia what is the round trip thrift fare
3	find me the cheapest one way fare i can get from boston to denver
3	how much is the cheapest flight from denver to pittsburgh with a stop in atlanta
3	round trip air fares from pittsburgh to philadelphia less than 1000 dollars
3	let's see how much would a direct flight from atlanta to denver be on may seventh
3	what is the cost of a first class fare round trip from atlanta to denver
3	can you list the cheapest round trip fare from orlando to kansas city
3	i 'd like to find the cheapest one way fare i can get from baltimore to denver
3	show me the most expensive first class round trip tickets from baltimore to atlanta
3	what is the least expensive one way fare between boston and san francisco
3	can you show me the most expensive one way first class fare from dallas to atlanta
3	what is the fare on november seventh going one way from san francisco to oakland
3	can you show me the price of a flight to washington from atlanta on thursday morning
3	what are the business class fares on us air from boston to toronto
3	show me round trip first class fares from new york to miami
3	show me the fare for us flight 3357 from philadelphia to baltimore
3	can you show me what fares are available from oakland to dallas on december sixteenth with one way economy fares
3	please give me round trip fares from baltimore to philadelphia
3	show me fares only weekdays for denver to boston
3	cheapest airfare from orlando to tacoma arriving before 10 am in tacoma
3	give me fares from denver to baltimore
3	how much is the cheapest flight from denver to pittsburgh with a stop in atlanta
3	please list fares and time of arrival for all the flights from atlanta to philadelphia on august the first
3	what is the cost of a flight from boston to denver and then from denver
3	i would like a ticket leaving from denver colorado to atlanta georgia with a stop in pittsburgh
3	how much does it cost to fly on delta from dallas to baltimore with a stop in philadelphia
3	what are the first class and coach class fares on flights from pittsburgh to atlanta
3	what is the fare on november seventh going one way from philadelphia to pittsburgh business class one way
3	how much is a first class ticket from baltimore to san francisco
3	show me the fare for us flight 3357 from philadelphia to baltimore what is the first class fare
3	okay i just want to know the cheapest fare from atlanta to boston that serves a meal
3	what is the price of a one way fare on november seventh from atlanta to boston
3	please show me airfare of flight us 345 from boston to pittsburgh
3	show me round trip first class tickets from new york to miami
3	what is the price of a one way fare at 329 dollars from boston to denver on continental airlines
3	find the cheapest one way fare from pittsburgh to san francisco that serves a round trip meal
3	round trip air fares from baltimore to philadelphia less than 1000 dollars
3	show me the cheapest one way first class airfare from baltimore to dallas
3	show me all the first class fares from baltimore to dallas
3	show me the air fare for the flights from baltimore to dallas
3	show fares and flights from denver to oakland
3	price of flight from cleveland to nashville
3	i would like to see the economy fares for denver to philadelphia that arrive in philadelphia
3	i 'd like to see all the economy fares from baltimore to philadelphia
3	what is the cheapest fare that i can get a one way ticket from boston to atlanta
3	i need the cost of a ticket going from denver to baltimore a first class ticket on united airlines
3	what is the cheapest fare from denver to pittsburgh on july twenty sixth
3	can you show me the economy fare flights from baltimore to dallas
3	can you show me the price of a flight to washington from atlanta on thursday morning
3	what is the lowest fare from denver to pittsburgh on delta
3	i 'd like to find the cheapest fare from atlanta to dallas and the earliest flight from dallas
3	what are the coach fares for flights from newark to la leaving after 3 pm on thursday
3	do you have the fare for traveling from oakland airport to oakland downtown
3	please give me round trip fares from pittsburgh to philadelphia
3	what's the price of the lowest round trip fare from atlanta to bwi
3	show me the prices of all flights on us airlines from atlanta to washington dc
3	what is the fare from boston to oakland on united airlines
3	i would like to find the cheapest one way fare from baltimore to oakland
3	show me us air fares for next sunday from miami to cleveland and also the price of first class round trip tickets
3	please give me the cheapest round trip airfare from atlanta to philadelphia on august the first
3	can you show me the fare for flights traveling from oakland airport to downtown oakland
3	what is the cheapest fare that i can get between philadelphia and san francisco
3	show me fares for flights from minneapolis to seattle on july first 1993
3	i need fare information from denver to atlanta with a stopover in pittsburgh
3	what is the cost of a first class ticket on american airlines from dallas fort worth to san francisco
3	what is the cheapest fare that i can get between atlanta and san francisco
3	what is the cheapest ticket from baltimore to san francisco on friday august thirtieth
3	round trip fares from baltimore to philadelphia less than 1000 dollars
3	show me the cheapest fares from miami to new york leaving on a sunday and returning on sunday
3	what is the round trip fare on continental 1291 from dallas to san francisco and return
3	give me the round trip coach fare on us air from baltimore to dallas
3	i need a ticket from los angeles to charlotte that leaves early in the morning
3	okay i 'd like to find the cheapest one way fare from baltimore to denver
3	what are the fares for flights between atlanta and dfw provided by delta airlines
3	what is the cost of flights from dallas to san francisco
3	what's the fare for delta flight 217 from washington to boston
3	i 'd like to have some information on a ticket from denver to pittsburgh and atlanta that would stop in fort worth
3	show me the fare for delta flight 296 from dallas to san francisco
3	price of flight from nashville to cleveland
3	show me round trip fares from new york to miami that cost less than 466 dollars
3	what's the fare for delta flight 217 from dallas to san francisco
3	please show me again the first class fares from baltimore to dallas and the coach fares from dallas
3	show me one more time the first class fares from baltimore to dallas and the coach fares from dallas
3	round trip air fares from denver to philadelphia less than 1000 dollars
3	round trip air fares from pittsburgh to philadelphia less than 1000 dollars
3	show me fares for flights from minneapolis to seattle on july first 1993 and july second 1993
3	what is the fare on november seventh going one way from boston to oakland on united airlines
3	show me us air fares for next sunday from miami to cleveland
3	how much does a first class round trip ticket from cleveland to miami on us air cost
3	can you show me the price of a flight to washington from atlanta on thursday morning
3	can you show me economy class one way fares for flights from oakland to dallas on december sixteenth and from dallas to atlanta on july sixteenth
3	and how much does it cost to travel from boston airport to downtown
3	show me the prices of all flights from atlanta to san francisco with one stop in washington dc
3	how much does the american airlines flight 71 from dallas to san francisco cost
3	please list fares for all the flights from atlanta to philadelphia on august the first
3	okay i just want to know the cheapest fare for a one way flight from atlanta to boston
3	first class round trip airfare from indianapolis to memphis
3	what is the least expensive one way first class fare from boston to pittsburgh
3	what's the least expensive one way fare from baltimore to san francisco
3	give me the least expensive first class round trip fare from atlanta to denver on may seventh please
3	how much does flight dl 402 from denver to philadelphia cost
3	what are the prices of the flights from dallas to baltimore tomorrow
3	please give me round trip fares from baltimore to philadelphia
3	list the fares of the delta airlines flights from boston to philadelphia and pittsburgh to philittsburgh
3	what is the least expensive fare between atlanta and boston
3	what is the price of a one way fare from dallas to denver on delta
3	what are the costs of first class flights from dallas to boston tomorrow
3	show me the air fare that is the first class fare for the flights from baltimore to dallas
3	i 'd like your rates between atlanta and boston on september third
3	what is the cheapest round trip fare i can get from atlanta to pittsburgh
3	list all round trip fares from pittsburgh to washington dc
3	what is the cost of a business class ticket going from boston to dallas leaving july first
3	what is lowest cost air fare available for a flight from dallas to baltimore arriving on july fourth
3	how much is a round trip fare from indianapolis to seattle
3	what is the lowest cost for a one way ticket from boston to washington
3	what is the cheapest coach fare from dallas to denver round trip
3	show me the prices of first class tickets on us air round trip from cleveland to miami and from miami to indianapolis
3	what's the lowest fare from denver to pittsburgh
3	price of first class round trip from nashville to cleveland
3	what is lowest cost air fare available for a flight from dallas to baltimore arriving on july fourth
3	list a round trip fare from kansas city to minneapolis flights
3	what is the fare on november seventh going one way from dallas fort worth to san francisco
3	how much does flight dl 402 from denver to philadelphia cost
3	what's the lowest round trip fare from pittsburgh to atlanta
3	display all fare codes
3	how much does flight ua 297 from denver to san francisco cost
3	what is the cheapest fare from pittsburgh to denver round trip
3	what are the fares for flights from charlotte to newark on tuesday and wednesday
3	what does it cost to fly round trip from boston to oakland on united airlines
3	how much does it cost to fly directly from philadelphia to san francisco on american airlines
3	show me first class fares from baltimore to dallas
3	how much is a round trip fare from nashville to seattle
3	what're the lowest one way fares from denver to atlanta
3	i 'd like 2 first class tickets from dallas fort worth to san francisco
3	how much is the 718 am flight from las vegas to new york twa
3	how much does flight ua 281 from boston to denver cost
3	can you show me the economy fare flights on december sixteenth from baltimore to dallas
3	what's the cheapest first class airfare for a round trip from indianapolis to orlando on december twenty seventh
3	what is the cheapest fare that i can get between boston and san francisco
3	what is the least expensive first class round trip fare from baltimore to san francisco leaving on september thirtieth
3	what's the lowest round trip fare from dallas to any city on december seventeenth
3	show me us air fares for next sunday from miami to cleveland and from memphis to clever
3	show me the fares on all flights round trip from dallas to san francisco
3	show me all fares between philadelphia and san francisco on september sixteenth that are less than 200 dollars one way
3	cheapest fare from tacoma to orlando
3	what is the fare going from baltimore to atlanta one way on november seventh
3	can you show me one way economy fares from dallas to atlanta
3	show me all the cheapest one way fares from san diego to miami
3	please find the cheapest fare from boston to san francisco
3	can you show me what fares are available from oakland to dallas on december sixteenth one way only
3	what is the least expensive airfare between atlanta and baltimore
3	what is the fare on november seventh going one way from san francisco to oakland
3	what is the fare from boston to san francisco on united airlines flight 21
3	what is the price of a first class ticket on american airlines from milwaukee to san francisco round trip
3	i 'd like to know the price of first class seats from atlanta to san francisco
3	what is the cheapest fare one way between washington and san francisco
3	what is the fare going one way on november seventh from denver to oakland
3	what is the airfare from pittsburgh to atlanta on flight dl 217
3	what is the cheapest first class fare from cleveland to miami on us air on february twenty fourth
3	what is the cheapest ticket from baltimore to san francisco on friday august thirtieth
3	show me the air fare for the flights from baltimore to dallas
3	show me all the night fares between philadelphia and san francisco
3	show me the air fare for the flights from baltimore to dallas that arrive before noon
3	i'm interested in the cheapest fare from washington to fort worth
3	what is the cost of a round trip flight from pittsburgh to atlanta beginning on april twenty fifth and returning on may sixth
3	can you show me fares for december sixteenth from oakland to dallas one way only
3	first class round trip airfare from indianapolis to houston stopping in memphis
3	please give me fares from denver to philadelphia
3	show prices for all flights from baltimore to dallas on july twenty ninth
3	what's the lowest one way fare from pittsburgh to denver
3	what are the coach fares for flights from newark new jersey to la leaving after 3 pm
3	would you tell me the cheapest one way fare from boston to oakland
3	cheapest round trip airfare on december twenty seventh from tacoma to orlando
3	what is the round trip thrift fare on us air from boston to san francisco
3	what would be cost of a round trip from pittsburgh to san francisco
6	show me the airlines for flights to or from love field
6	which airlines fly between boston and pittsburgh
6	is there an airline that advertises having more flights than any other airline and having more business class flights
6	tell me which airlines have flights from pittsburgh to san francisco on monday september second
6	what kind of airline is flight ua 281 from boston to denver
6	does any airline have a jet flight between pittsburgh and baltimore
6	which airlines fly from boston to denver
6	what does the abbreviation dl stand for and what does the airline code dl stands for
6	could you please tell me the airlines that fly from toronto to san diego
6	what airlines fly from boston to pittsburgh to san francisco
6	airline that stands for dl
6	show me airlines between boston and denver with flights available in san francisco
6	which airlines fly from boston to atlanta and stop in denver
6	does any airline have an early afternoon flight from boston to pittsburgh
6	which companies fly between boston and oakland and stop in denver
6	show me the airlines that use love field
6	does any airline have an early afternoon flight from boston to denver
6	could you please tell me the airlines that fly from toronto to san diego
6	what airlines have flights from boston to pittsburgh
6	what airline is dl 98
6	list all the airlines flying between washington and denver
6	are there any airline that offer dc10 service between denver and boston
6	please list all airline flights between denver and boston
6	what airlines have flights from boston to pittsburgh
6	what is airline dl and what is flight code dl
6	please show me airlines with round trip flights from boston to denver with stop philadelphia
6	what airlines go from san francisco to washington by way of indianapolis
6	what airlines fly from burbank to san diego via denver
6	which airlines fly on saturdays into and out of denver
6	what airlines fly from toronto to san diego with a stopover in denver
6	what airlines fly boston to baltimore
6	show me airline abbreviations
6	which airlines fly between boston and pittsburgh
6	which airlines serve pittsburgh
6	what airlines have flights from boston to philadelphia that leave philadelphia early in the morning before 630 am
6	what airlines have daily flights from boston to atlanta
6	show me the names of airlines for flights to or from love field
6	which airlines fly from boston to washington dc via san francisco
6	list all the airlines flying between washington and denver
6	what airlines fly from burbank to denver on saturday morning
6	which airlines go from san francisco to washington by way of indianapolis
6	which airlines are there
6	what is airline hp
6	please show me airlines with flights from denver to boston stop philadelphia
6	what is the abbreviation airline nw
6	what is airline ff
6	which airline has the most business class flights and the most first class flights
6	list all the airlines flying between washington and denver on september twentieth
6	which airline has the smallest plane leaving pittsburgh and arriving in baltimore on july fourth
6	please show me all airlines with sunday flights from philadelphia to denver
6	please show me airlines with flights from denver to philadelphia with fare code q
6	what airlines have flights from boston to philadelphia that leave before 630 am and arrive before 7 am
6	which airlines serve pittsburgh
6	airline that stands for dl and that serves breakfast
6	which airlines fly from bwi to dallas fort worth to san francisco
6	show me a list of all the airlines that offer business class service
6	does any airline offer dc10 service between denver and boston
6	what airlines from washington dc to columbus
6	is there an airline that has a flight from philadelphia to san francisco with a stop in dallas
6	what airlines have business class service between boston and san francisco
6	what airlines fly between boston and san francisco and stop in denver
6	show me a list of airlines between boston and denver
6	what airline is dl 98
6	show me a list of all daily flights between boston and oakland using united airlines that offer business class service
6	do you have any airlines that would stop at denver on the way from baltimore to san francisco that stop at pittsburgh
6	show me airline abbreviations
6	show me the airlines that fly from toronto to san diego with one stop in boston
6	list airlines serving between denver and san francisco and pittsburgh
6	please show me all airlines with sunday flights from philadelphia to denver with stop in dallas
6	which airlines have flights between philadelphia and pittsburgh
6	which airline has the smallest plane leaving pittsburgh and arriving in baltimore on july fourth
6	what kind of airline is ea the abbreviation for
6	which airlines serve pittsburgh
6	does any airline have an early afternoon flight from boston to denver
6	which airlines have daily nonstop flights from boston to dallas
6	is us air or canadian airlines
6	does any airline have an early afternoon flight from atlanta to boston
6	which airlines fly from boston to washington dc and stop in denver
6	what airlines go from atlanta to baltimore on monday morning
6	what airlines fly from st. petersburg to milwaukee and from milwaukee to tacoma
6	what is the airline that besides continental flies between boston and denver
6	airline code as
6	what airlines are ac and as
6	what is the abbreviation airline nw
6	what is the abbreviation dl and is dl 98
6	show me the airlines that have nonstop afternoon flights from boston to oakland
6	are there any airlines serving between denver and san francisco
6	show me the airlines that have business class service between boston and san francisco
6	which airlines have round trip flights between philadelphia and pittsburgh
6	what airlines have nonstop early afternoon flights from boston to denver
6	does any airline offer dc10 service which serves between boston and denver
6	which airlines provide direct flights between san francisco and denver
6	what airlines have business class service on september twenty sixth between boston and san francisco
6	which airlines have business class service between baltimore and san francisco
6	show me a list of all the airlines that offer business class service on december sixteenth
6	can you give me a list of all the airlines that offer business class service
6	list the airlines that have nonstop afternoon flights from boston to oakland that arrive before 5 pm
6	what airlines fly boston to baltimore on monday morning
6	does any airline offer dc10 service between denver and boston
6	could you please tell me the airlines that have nonstop flights from toronto to san diego
6	show me airlines between boston and san francisco
6	what is the abbreviation airline us
6	what airlines fly from dallas to baltimore
6	which airlines have daily flights from boston to washington dc via other cities
6	which airlines have connecting flights between boston and oakland
6	what airlines fly from kansas city to burbank to denver
6	what does the airline code dl stand for
6	what airline is dl 98
6	which companies fly between boston and oakland
6	what airlines fly from st. petersburg to milwaukee and from milwaukee to tacoma
6	which airline has more business class flights than any other airline
6	what airline is the flight originating in atlanta on november seventh at noon and arriving in san francisco at 210 pm
6	show me the airline abbreviations
6	please list for me the names of airlines in atlanta
6	what airlines fly from dallas to baltimore and stop in philadelphia
6	airlines that fly to miami from new york on friday
6	which airlines have connections between pittsburgh and baltimore
6	what airlines fly from boston to washington to san francisco
6	what airlines have flights between philadelphia and pittsburgh
6	tell me which airlines have flights from pittsburgh to san francisco on monday september second that leave before noon
6	show me a list of the airlines that fly from toronto to boston
6	list all the airlines that service denver
6	what airlines have flights from boston to philadelphia that leave before 630 am
6	what airline is ea the abbreviation for and what airline is ua
6	can you tell me what airline flies between denver and san francisco
6	which airline besides continental has the most first class flights today
6	which airlines have business class service between boston and oakland
6	show me a list of the airlines in atlanta
6	what airlines fly from dallas to baltimore
6	what is airline nw
6	airlines that fly to miami from new york on friday
6	show me the airlines that have flights from boston to philadelphia that leave before 630 am
6	show me the names of airlines in atlanta
6	show me the names of airlines in atlanta that fly to baltimore
6	which airlines go from san francisco to washington with a stopover in denver by way of indianapolis
6	give me a list of airlines with flights in pittsburgh
6	what airlines from washington dc to columbus
6	please show me airlines with flights from denver to philadelphia
6	what airlines have flights between boston and washington
6	show me the airlines with first class flights on monday
6	please show me airlines with flights from denver to boston with stop in philadelphia
8	please show me airports near washington dc
8	houston cities with airports
8	please list information regarding san francisco airport and ground transportation
8	does the philadelphia to san francisco daily flight have a name
8	what airport is at tampa and what is the name of
8	please give me a list of all airports in denver
8	what airport is at tampa
8	please show me all airports in denver and pittsburgh
8	what's the name of the denver airport
8	does the philadelphia airport have a name
8	show me airports in washington dc
8	what is the name of the airport in philadelphia
8	airports in new york and los angeles
8	please list information regarding san francisco downtown and the airport
8	what's the pittsburgh airport
8	please show me all airports in pittsburgh and denver
8	what is the name of the airport at philadelphia that serves a meal for denver
8	what's the pittsburgh airport
9	what is the total seating capacity of all aircraft of boeing 767
9	how many people fit on a 72s airplane
9	how many seats in a boeing 72s
9	how many people fit on a 72s airplane
9	how many people fly on a boeing 767 turboprop
9	what are the seating capacities of planes between pittsburgh and baltimore
9	what is the total seating capacity for all aircraft of the f28
9	how many passengers fit on a d9s
9	what is the seating capacity of the various airplanes that united airlines uses
9	how many passengers can a boeing 737 hold
9	what's the capacity of the f27 and the f28
9	how many passengers fit in a dallas 734
9	what is the seating capacity of the various airplanes that united airlines uses
9	how many passengers fit on a d9s
11	what are the cities that are served by canadian airlines international
11	show me city served both by nationair and canadian airlines international
11	what city is mco
11	where is general mitchell international located
11	what are the cities that american airlines serves
11	what are the cities served by delta airlines with first class flights
11	which cities does united airlines service and which airlines service
11	what city is mco
11	where is lester pearson airport
11	what cities does american airlines service
11	where is the most expensive airport
11	where is general mitchell international located
11	what are the cities that american airlines serves
11	what cities does american airlines service
11	what are the cities that american airlines serves
11	what cities does continental service
11	show me city served both by nationair and canadian airlines international
13	how long is a trip from philadelphia airport to downtown philadelphia
13	how long does it take to get from atlanta airport into the city of atllanta
13	how far is the airport from the city of san francisco
13	how far is the airport from san francisco on continental airlines flight 21
13	what is the distance from boston airport to boston
13	what is the distance from san francisco international airport to the city of san francadelphia
13	what is the distance from boston airport to boston
13	how long does it take to fly from boston to atlanta
13	how far is the airport from san francisco
13	what is the distance from los angeles international airport to los angels
13	how far is the airport from downtown pittsburgh
13	how long is the flight from atlanta to san francisco at noon on november seventh
13	how long does it take to get from atlanta airport by limousine in the city of atlotte
13	how long is the flight from atlanta to san francisco at noon on november seventh
13	how long does it take to fly from boston to atlanta on november seventh
13	how far is oakland airport from downtown and how long is a trip
13	how far is the oakland airport from downtown oakland
13	how far is downtown from the airport in dallas fort worth
15	give me the flights and fares on december twenty seventh from indianapolis to orlando airfare
15	show all flights and fares from denver to san francisco
15	all flights and fares from pittsburgh to dallas round trip after 12 pm less than 1100 dollars
15	show me all flights and fares from dallas to san francisco and list all flights with fare code qx that leave after 11 pm
15	all flights and fares from pittsburgh to dallas round trip after 12 pm less than 1100 dollars
15	show me all flights and fares from dallas to san francisco on us air with a stopover in philadelphia
15	give me the flights and fares on december twenty seventh from indianapolis to orlando
15	all flights and fares from atlanta to dallas round trip after 12 pm less than 1100 dollars
15	please show me all flights and fares of united airline from dallas to san francisco
15	what are the flights and fares from atlanta to philadelphia on a thursday morning
15	give me the flights and fares on december twenty seventh from orlando to indianapolis airfare
15	please give me a list of all the flights between dallas and baltimore on august the first and their cost
15	all flights and fares from denver to pittsburgh on us air number 1039 on a thursday
15	all flights and fares from pittsburgh to dallas round trip after 12 pm on november eleventh less than 1100 dollars
15	show me all flights and fares from denver to san francisco
15	all flights and fares from denver to pittsburgh on us air number 1039 on a thursday
15	all flights and fares from denver to pittsburgh on us air number 1039 on a thursday
15	first flights and fares from pittsburgh to atlanta on a thursday
17	what is the flight number of the earliest flight between boston and washington dc
17	what is the flight number for the continental flight which leaves denver at 1220 pm and goes to san francisco
17	what is the flight number for the us air flight from philadelphia to boston is it 279 or is it 137338
17	what are the flight numbers of the flights which go from washington to san francisco via indianapolis and go from san diego to washington via indiana
17	please show me the return flight number from toronto to st. petersburg
17	i would like the flight number and the time for the cheapest fare that is the least expensive first class fare from san francisco to pittsburgh leaving after 8 pm monday night
17	please show me the return flight number from toronto to st. petersburg
17	please show me the return flight number for the us air flight from toronto to st. petersburg
17	what is the flight number for the continental flight which leaves denver at 1220 pm and goes to san francisco is it a direct flight or is there a connecting flight
17	flight numbers from minneapolis to long beach on jfk on june twenty six
19	what is the total schedule for delta's flights to all airports
19	what is the minimum connection time for houston intercontinental on american airlines
19	could you give me the schedule of flights for american and delta to dfw arriving in dallas fort worth on august fifteenth
19	what is the schedule for flights between pittsburgh and boston on the evening of july ninth
19	now i 'd like a schedule for the flights on tuesday morning from oakland no from dallas fort worth to atlanta
19	what is the flight schedule of the f27 and the f28 from pittsburgh to baltimore
19	what is the schedule of flights on american airlines from atlanta to boston on august first
19	i would like a schedule of flights from washington to san francisco on august first
19	can you tell me the time a flight would leave from atlanta to boston in the afternoon
19	what is the schedule of flights on american airlines from boston to denver next monday
19	what is the flight schedule of the f28 which is the cheapest flight from pittsburgh to baltimore
19	now i 'd like a schedule for the flights on tuesday morning from oakland no from dallas fort worth to atlanta
19	i want to know the time of the latest flight i can take from washington to san francisco where i can get a dinner meal
19	what is the arrival time in san francisco for the 755 am flight leaving washington on august twenty seventh
19	what's the schedule of flights from atlanta to boston on august first
19	what time does flight aa 459 arrive in san francisco
19	i would like a schedule of flights on american airlines from san francisco to boston on wednesday
19	what time are the flights from baltimore to san francisco
19	please give me the flight times i would like to fly from boston to baltimore in the morning before 8
19	please list the flight schedule from baltimore to san francisco and pittsburgh for friday nights
19	please tell me the times of the flights between boston and baltimore
19	please list the flight times from pittsburgh to newark on thursday
19	what's the schedule of flights from atlanta to boston on the evening of july ninth
19	please list the flight schedule from baltimore to san francisco on friday nights
19	please list the flight schedule from baltimore to san francisco and pittsburgh on friday nights
19	i would like a schedule of flights from denver to san francisco on tuesday
19	i need to know the time of the latest flight i can take from washington to san francisco where i can get a dinner meal
19	what times does flight aaa 459 depart
19	please list the flight times for boston to pittsburgh on wednesday
19	please list the flight times from newark to boston
19	i would like the time of your earliest flight in the morning from philadelphia to washington on american airlines
19	when does continental fly from philadelphia to denver on sundays
19	what is the minimum connection time for houston intercontinental
19	what is the schedule for flights between pittsburgh and boston on the evening of july ninth
19	i would like a schedule of flights from san francisco to boston on the evening of august twenty seventh
19	what time does flight aa 459 depart
19	what's the schedule of flights from atlanta to boston on august first
19	please list the flight schedule from baltimore to san francisco on friday nights
19	what times does the american airlines flight 71 depart from boston to san francisco
19	on united airlines give me the flight times from boston to dallas that are the earliest in the morning
19	i would like the evening schedule of flights from san francisco to washington on wednesdays
19	please list the flight times for the morning flights from newark to boston
19	please list the flight schedule from baltimore to san francisco and pittsburgh for friday nights
19	what is the arrival time in san francisco for the 755 am flight leaving washington
19	what is the departure time of the latest flight of united airlines from denver to boston
19	i want to know the time of the latest flight i can take from washington to san francisco where i can get a dinner meal
19	i would like to know the time your earliest flight from washington to philadelphia
19	list departure times for flights from denver to philadelphia which are later than 10 o'clock and earlier than 2 pm
20	how much is the cost of round trip ground transportation between atlanta and baltimore
20	can you list costs of denver rental cars
20	what is the cost of limousine service at logan airport
20	what price is a limousine service in boston and what is the cost of a limo service
20	how much does it cost to get downtown from the atlanta airport by limousine and from the airport to downtown by limo
20	what is the cost of a limousine service to new york's la guardia
20	how much would car rental cost in atlanta
20	what price is a limousine service to new york's la guardia from st. louis
20	what are the costs of car rental in dallas
20	what is the cost of limousine service at logan airport
20	how much does the limousine service cost within atlanta
20	what price is a limousine service to new york's la guardia from charlotte
20	what is the cost of the air taxi operation at philadelphia international airport
20	how much does the limousine service cost within pittsburgh
20	please list the prices for a rental car in pittsburgh on july fourth 1991
20	how much does the limousine service cost within pittsburgh
21	does the phoenix airport have ground transportation to and from downtown phoenix
21	please give me information on ground transport in san francisco
21	describe ground transportation options in dallas
21	can you help me with ground transportation information i need to get from the airport in philadelphia to downtown philadelphia
21	what ground transportation is there from denver to downtown denver
21	is there ground transportation in st. louis
21	show me information for ground transportation in san francisco on thursday evening
21	what ground transportation is available at the boston airport in the morning
21	is there ground transportation from the airport in denver to downtown
21	what do you know about car rental in boston and in denver
21	please list the rental car information in pittsburgh and the fare code qx
21	ground transportation in baltimore
21	what ground transportation is there in atlanta on thursday morning
21	i need information on ground transportation between airport in boston and downtown in the city of boston
21	show me the ground transportation schedule in philadelphia in the morning on wednesday
21	what types of ground transportation are available in philadelphia
21	is there ground transportation from the airport to downtown phoenix
21	i will be staying downtown in atlanta for two hours could you tell me what the ground transportation is available
21	in dallas fort worth i would like information on ground transportation
21	what ground transportation is available in denver
21	is there ground transportation in milwaukee from the milwaukee airport to the downtown area
21	how long does it take to get to philadelphia downtown from the airport
21	show me a list of rental car fares in the salt lake city airport
21	ground transportation washington to san francisco
21	describe ground transportation in dallas
21	is there ground transportation in dallas from the dallas fort worth airport to downtown dallas
21	what kind of ground transportation is the ground transportation available in dallas fort worth
21	show me the ground transportation in denver that i can get a taxi from
21	can i have a rental car in houston
21	show me information on ground transportation between airport and downtown for dallas
21	ground transportation in denver and pittsburgh
21	can you tell me about the ground transportation in the salt lake city airport
21	show me ground transportation in san francisco and pittsburgh
21	i would like information on ground transportation in the city of atlanta from airport to downtown
21	please list available ground transport in san francisco
21	how do i get to philadelphia downtown from the airport
21	show me the types of ground transportation at denver
21	show me a list of car rentals in baltimore
21	what kind of ground transportation is there in oakland
21	what kind of ground transportation is there once i get to dallas
21	what kind of ground transportation is available in dallas tomorrow
21	can i get a taxi from long beach airport to downtown long beach
21	is there ground transportation from the pittsburgh airport to downtown pittssburgh
21	show me ground transportation information for san francisco
21	i 'll need a rental car at the atlanta airport can you show me what's available
21	ground transportation please in the city of boston between airport and boston downtown
21	can you show me a list of rental car fares at boston airport
21	how do i get to philadelphia downtown from the airport
21	what ground transportation is available in charlotte
21	ground transportation in san francisco and denver
21	i would like information on ground transportation in atlanta from the airport to the city in the morning around 9 am what ground transportation is available
21	show ground transportation information for san francisco to pittsburgh
21	can you show me ground transportation for boston
21	show me a list of ground transportation in westchester county
21	please list available ground transportation between airport and downtown in pittsburgh
21	show me ground transportation information for dallas please
21	what is the ground transportation available in fort worth texas on thursday morning
21	i need your help with information on ground transportation denver colorado
21	show me a list of ground transportation in denver
21	show me about the dallas ground transportation
21	what kind of ground transportation is available in dallas
21	i would like information on ground transportation in the city of atlanta between airport and downtown
21	what is the ground transportation available in the city of fort worth texas
21	show me ground transportation in denver during weekdays
21	what ground transportation is available in charlotte
21	ground transportation in phoenix
21	what kind of ground transportation is there once i get to dallas
21	what kind of ground transportation is there in dallas
21	i 'd like to know the ground travel available in fort worth and what's the available ground transportation between the airports
21	show me all ground transportation in washington dc
21	is there ground transportation from the milwaukee airport to the downtown area in milwaukee
21	ground transportation please in the city of boston between airport and downtown
21	does the phoenix airport have ground transportation from the airport to and from downtown
21	what kind of ground transportation is available in boston
21	how do i get to philadelphia downtown from the airport
21	in boston is there ground transportation between airport and downtown in boston
21	what kind of ground transportation is available in atlanta
21	i 'll need ground transportation in seattle
21	what kind of ground transportation is there in dallas on monday morning
21	is ground transportation available in philadelphia
21	ground transportation in las vegas
21	ground transportation between airport and downtown in phoenix
21	ground transportation in westchester county
21	what transportation is available from the dallas airport to downtown
21	ground transportation san francisco
21	what transportation is available from the dallas fort worth airport to downtown
21	ground transportation in oakland
21	ground transportation denver
21	show me a list of rental car fares at boston airport on august third
21	what kind of ground transportation is available in denver
21	what types of ground transportation do you have available in philadelphia
21	can you have a rental car in houston
21	ground transportation in boston between airport and downtown boston
21	in dallas fort worth i would like information on ground transportation
21	i need ground transportation in seattle on saturday morning
21	what kind of ground transportation can i take into boston
21	can you rent a car at stapleton international airport in denver
21	please give ground transportation at denver airport and atlanta
21	can i have a rental car in houston and i want to travel to dallas
21	i would like to know some information on ground transportation in the city of atlanta from airport to downtown
21	show me the car rentals in baltimore
21	show me the ground transportation from denver to westchester county
21	can i see ground transportation from long beach airport to downtown
21	i need ground transport denver
21	what ground transportation is available in baltimore
21	tell me about ground transportation at san francisco
21	what ground transportation does you have available at boston
21	what type of ground transportation is available in washington
21	please give me ground transportation information for denver
21	what ground transportation is available at the boston airport
21	what limousine service is available in boston
21	what kind of ground transportation is available in dallas fort worth on monday morning
21	show me all ground transportation in washington dc and pittsburgh
21	what do you know about car rental in the city of denver
21	is there an airport limousine at the atlanta airport
21	what limousine service is available in toronto
21	show me the types of ground transportation in denver
21	what ground transportation is available in charlotte
21	show me information on ground transportation for dallas fort worth
21	what ground transportation is there in atlanta
21	show me ground transportation information for dallas fort worth on july twenty fifth 1991
21	can i get a rental car in dallas
21	what is the ground transportation from boston airport to boston downtown
21	show me the ground transportation to and from the airport in westchester county
21	fine can you tell me about ground transportation between orlando international and orlando
21	is there ground transportation in dallas from the dallas airport to downtown dallas
21	ground transportation in baltimore
21	show me ground transportation information for san francisco
21	what ground transportation is available from the airport to downtown in san francisco
21	what ground transport is available in minneapolis on july seventh
21	ground transportation in denver and pittsburgh
21	what ground transportation is available in pittsburgh
21	i will be staying downtown in atlanta for two hours could you tell me what the ground transportation is available
21	fine can you tell me what kind of ground transportation can you offer me in seattle
21	what kind of ground transportation is available in baltimore
21	what kind of ground transportation is available in san francisco
21	what ground transportation is there from the airport to downtown atlanta
21	show me all ground transportation in washington dc
21	what kind of ground transportation is available in charlotte
21	i would like to know the types of ground transportation from the airport to las vegas on sunday arriving near 6 pm
21	what is the ground transportation available in denver and in pittsburgh
21	ground transportation in denver and pittsburgh
21	ground transportation in denver
21	show me ground transport in seattle
21	ground transportation please in the city of boston between airport and downtown
21	what is the ground transportation available in the city of fort worth texas
21	what ground transportation is there from the airport to downtown atlanta
21	what limousine service is in boston
21	ground transportation denver and pittsburgh
21	ground transport denver
21	what's the ground transportation available in fort worth texas
21	show me a list of dallas ground transport
21	i 'd like a limo in denver on august seventh
21	i would like information on ground transportation between airport and downtown in the city of boston
21	how long does the ground transportation take from the salt lake city airport to st. petersburg
21	could you tell me if there is ground transportation between the boston airport and boston downtown
21	show ground transportation information for pittsburgh
21	is there ground transportation available in denver on wednesday morning
21	ground transportation washington to san francisco
21	what kind of ground transportation is there in dallas
21	show me the ground transportation at the airport in denver
21	ground transportation in san francisco
21	what kind of ground transportation is available at the atlanta airport
21	i need your help with information on ground transportation from the airport in philadelphia to downtown that is less than 1000 dollars
21	fine i 'll need your help with information on ground transportation from the airport in philadelphia to downtown
21	what about a limousine service in denver
21	i 'd like to know the ground travel available in the city of fort worth
21	what ground transportation is available in denver
21	what ground transportation is available in baltimore for the day after tomorrow
21	what is the ground transportation available in baltimore
21	what is the available ground transportation between the airport in san francisco and downtown
21	ground transportation in san francisco and denver
21	can i see ground transportation from long beach airport to st. louis downtown
21	what type of ground transportation is available at philadelphia airport
21	what is the ground transportation available in denver and in pittsburgh
21	is there limo service available from pittsburgh airport
21	ground transportation denver
21	what kind of ground transportation is available in newark
21	can i see ground transportation from long beach airport to downtown long beach
21	show me a list of ground transportation in the salt lake city airport
21	show ground transportation information for san francisco to pittsburgh
21	in new york i 'll need to rent a plane and get a car
21	tell me about ground transportation between the dallas fort worth airport and the downtown area of dallas
21	what ground transportation is there in the city of denver
21	in boston is there ground transportation between the boston airport and downtown
21	please list available rental car information in pittsburgh
21	show me a list of the car rentals in baltimore
21	i would like to find out the ground travel available in atlanta
21	ground transportation in las vegas
21	what ground transportation is available in denver and pittsburgh
21	show me a list of ground transportation in san francisco
21	in dallas fort worth i would like information on ground transportation
21	is there any ground transportation to the city in dallas fort worth
21	show me about the ground transportation in boston
21	what ground transportation is available in san francisco on thursday morning
21	tell me about ground transportation in st. petersburg airport
21	what ground transportation is available in pittsburgh and san francisco
21	show me ground transportation in dallas please
21	show me the ground transportation in atlanta
21	please give me ground transportation information for denver and pittsburgh
21	fine can you give me information on ground transportation for dallas
21	what kind of ground transportation is available at the atlanta airport
21	what types of ground transportation are there to the airport in philadelphia
21	what ground transportation is available in oakland
21	please list ground transportation options in san francisco
21	in new york i 'll need to rent a car
21	dallas ground transportation
21	what kind of ground transportation is available in denver and pittsburgh
21	tell me about ground transportation between the dallas fort worth airport and downtown dallas
21	i need your help with information on ground transportation i need to get from the airport in philadelphia to downtown
21	ground transportation between airport and downtown in boston
21	what ground transportation is available from the pittsburgh airport to downtown
21	what ground transportation is available at the airport in denver
21	what ground transportation is there from the airport to downtown in denver
21	what kind of ground transportation can you offer me in seattle
21	what types of ground transportation are there to the airport in philadelphia
21	ground transport in san francisco and denver
21	what kind of ground transportation is available at the baltimore airport
21	is there ground transportation from the milwaukee airport to the downtown area
21	ground transportation in denver and pittsburgh
21	what types of ground transportation are there to san francisco airport from the downtown area
21	what ground transportation is available from the airport in pittsburgh to downtown
21	is there ground transportation from the pittsburgh airport to downtown pittadelphia
21	i need your help with information on ground transportation from the airport in atlanta
21	ground transportation in san francisco
21	show me a list of ground transportation in denver
21	ground transportation in denver and pittsburgh
21	what ground transportation is available in dallas
21	can you show me the car rentals in baltimore
23	what are all the available flights between boston and denver
23	what types of meals are available
23	what's the next smallest plane after all the available meals
23	what are my meal options from boston to denver
23	what are all the available meals
24	how many us air flights leave from washington
24	how many first class flights does united airlines have today
24	how many of delta's night flights are first class
24	how many flights does each airline have with a class of service code k
24	how many first class flights does united have leaving from all airports in the morning today
24	how many flights does american airlines have with a class of service code f from boston to atlanta
24	how many flights come from denver to baltimore on july nineteenth that serve a meal
24	how many flights does eastern airlines have with a class of service code f from boston to atlanta
24	how many flights are there between san francisco and philadelphia on august eighteenth
24	how many first class flights does eastern airlines have from boston to atlanta
24	how many nonstop flights going from dallas to oakland july twenty seventh
24	how many american airline flights leave denver june tenth
24	how many nonstop flights going from dallas to oakland july twenty seventh
24	how many flights does american airlines have from boston to pittsburgh with a stop in atlanta
24	how many stops are on all flights from boston to san francisco that depart before 12 o'clock noon
24	how many nonstop first class flights are provided by american airlines
24	list the total number of flights between all airports by delta
24	how many different flight booking classes are there
24	how many first class flights does delta airlines have on december twenty seventh
24	how many first class flights does united airlines have today
24	how many flights are there between san francisco and philadelphia on august eighteenth
24	please tell me how many fares are there one way from tacoma to montreal
24	how many cities are served on july nineteenth by twa with first class flights
24	how many flights does eastern airlines have from boston to atlanta
24	how many daily us air flights are there to san francisco
24	how many first class flights does united airlines have departing from boston today
24	how many first class flights does united airlines have today
24	how many first class flights does delta have today
24	how many american airline flights go from philadelphia to denver june tenth
24	how many first class flights does us air flights leave from washington
24	how many flights does delta have with a class of service code f and a fare code f
24	how many daily us air flights are there between philadelphia and pittsburgh that have a stopover in denver
24	how many flights does each airline have with business class service
24	how many flights does each airline have with a class of service code k
24	how many flights has continental into and out of atlanta
24	please tell me how many different flight classes are there
24	how many first class flights does american airlines have from boston to atlanta
24	how many flights go from dallas to baltimore on july nineteenth with a fare of 415 dollars
24	how many flights does each airline have with business class service
24	how many of delta's night flights are first class
24	how many first class flights are provided by american airlines on july twenty seventh
24	how many first class flights does delta airlines have on december twenty seventh
24	how many fares are there one way from tacoma to montreal
24	how many flights does delta have with a class of service code f
24	how many flights does each airline have with booking class k
25	what is restriction ap57
25	what is restriction ap57
25	what is restriction ap57
25	what is the meaning of restriction ap57
25	what's restriction ap68
